Category,City,Country,Customer ID,Customer Name,Market,Order Date,Order ID,Order Priority,Product ID,Product Name,Profit,Quantity,Sales,Segment,Ship Date,Ship Mode,Shipping Cost,State,Sub-Category,Week Number,Shipping Duration (Day),Region,Order Month,Order Quarter,Order Year,Sales Category,Location Key
Office Supplies,Los Angeles,United States,LS-172304,Lycoris Saunders,North America - US,1/7/2011,CA-2011-130813,High,OFF-PA-10002005,Xerox 225,9.3312,3,19,Consumer,1/9/2011,Second Class,4.37,California,Paper,2,2,North America - US - West,January,1,2011,Low Sales,North America - US|United States|North America - US - West|California|Los Angeles
Office Supplies,Los Angeles,United States,MV-174854,Mark Van Huff,North America - US,1/21/2011,CA-2011-148614,Medium,OFF-PA-10002893,"Wirebound Service Call Books, 5 1/2"" x 4""",9.2928,2,19,Consumer,1/26/2011,Standard Class,0.94,California,Paper,4,5,North America - US - West,January,1,2011,Low Sales,North America - US|United States|North America - US - West|California|Los Angeles
Office Supplies,Los Angeles,United States,CS-121304,Chad Sievert,North America - US,8/5/2011,CA-2011-118962,Medium,OFF-PA-10000659,"Adams Phone Message Book, Professional, 400 Message Capacity, 5 3/6” x 11”",9.8418,3,21,Consumer,8/9/2011,Standard Class,1.81,California,Paper,32,4,North America - US - West,August,3,2011,Low Sales,North America - US|United States|North America - US - West|California|Los Angeles
Office Supplies,Los Angeles,United States,CS-121304,Chad Sievert,North America - US,8/5/2011,CA-2011-118962,Medium,OFF-PA-10001144,Xerox 1913,53.2608,2,111,Consumer,8/9/2011,Standard Class,4.59,California,Paper,32,4,North America - US - West,August,3,2011,Medium Sales,North America - US|United States|North America - US - West|California|Los Angeles
Office Supplies,Los Angeles,United States,AP-109154,Arthur Prichep,North America - US,9/29/2011,CA-2011-146969,High,OFF-PA-10002105,Xerox 223,3.1104,1,6,Consumer,10/3/2011,Standard Class,1.32,California,Paper,40,4,North America - US - West,September,3,2011,Low Sales,North America - US|United States|North America - US - West|California|Los Angeles
Office Supplies,Los Angeles,United States,JF-154904,Jeremy Farry,North America - US,10/19/2011,CA-2011-117317,Critical,OFF-PA-10004519,Spiral Phone Message Books with Labels by Adams,6.5856,3,13,Consumer,10/19/2011,Same Day,2.39,California,Paper,43,0,North America - US - West,October,4,2011,Low Sales,North America - US|United States|North America - US - West|California|Los Angeles
Office Supplies,Los Angeles,United States,WB-218504,William Brown,North America - US,11/4/2011,CA-2011-125829,Medium,OFF-PA-10000223,Xerox 2000,9.3312,3,19,Consumer,11/11/2011,Standard Class,1.15,California,Paper,45,7,North America - US - West,November,4,2011,Low Sales,North America - US|United States|North America - US - West|California|Los Angeles
Office Supplies,Los Angeles,United States,JA-159704,Joseph Airdo,North America - US,11/12/2011,CA-2011-151295,High,OFF-PA-10001947,Xerox 1974,5.8604,2,12,Consumer,11/16/2011,Standard Class,0.92,California,Paper,46,4,North America - US - West,November,4,2011,Low Sales,North America - US|United States|North America - US - West|California|Los Angeles
Office Supplies,Los Angeles,United States,SP-209204,Susan Pistek,North America - US,11/22/2011,CA-2011-135090,High,OFF-PA-10002245,Xerox 1895,24.219,9,54,Consumer,11/26/2011,Standard Class,6.98,California,Paper,48,4,North America - US - West,November,4,2011,Low Sales,North America - US|United States|North America - US - West|California|Los Angeles
Office Supplies,Los Angeles,United States,RL-196154,Rob Lucas,North America - US,12/5/2011,CA-2011-133830,Medium,OFF-PA-10001363,Xerox 1933,23.0864,4,49,Consumer,12/10/2011,Standard Class,1.99,California,Paper,50,5,North America - US - West,December,4,2011,Low Sales,North America - US|United States|North America - US - West|California|Los Angeles
Office Supplies,Los Angeles,United States,KD-163454,Katherine Ducich,North America - US,12/13/2011,CA-2011-113579,High,OFF-PA-10001457,White GlueTop Scratch Pads,41.5104,6,90,Consumer,12/15/2011,Second Class,8.53,California,Paper,51,2,North America - US - West,December,4,2011,Low Sales,North America - US|United States|North America - US - West|California|Los Angeles
Office Supplies,Los Angeles,United States,JM-161954,Justin MacKendrick,North America - US,2/15/2012,CA-2012-116092,Medium,OFF-PA-10004285,Xerox 1959,6.4128,2,13,Consumer,2/18/2012,Second Class,1,California,Paper,7,3,North America - US - West,February,1,2012,Low Sales,North America - US|United States|North America - US - West|California|Los Angeles
Office Supplies,Los Angeles,United States,JM-161954,Justin MacKendrick,North America - US,2/15/2012,CA-2012-116092,Medium,OFF-PA-10000477,Xerox 22,9.3312,3,19,Consumer,2/18/2012,Second Class,0.06,California,Paper,7,3,North America - US - West,February,1,2012,Low Sales,North America - US|United States|North America - US - West|California|Los Angeles
Office Supplies,Los Angeles,United States,RD-195854,Rob Dowd,North America - US,2/16/2012,CA-2012-121776,High,OFF-PA-10001970,Xerox 1881,17.3148,3,37,Consumer,2/21/2012,Standard Class,4.04,California,Paper,7,5,North America - US - West,February,1,2012,Low Sales,North America - US|United States|North America - US - West|California|Los Angeles
Office Supplies,Los Angeles,United States,AB-101654,Alan Barnes,North America - US,3/28/2012,CA-2012-131534,Medium,OFF-PA-10000743,Xerox 1977,16.032,5,33,Consumer,4/2/2012,Standard Class,2.25,California,Paper,13,5,North America - US - West,March,1,2012,Low Sales,North America - US|United States|North America - US - West|California|Los Angeles
Office Supplies,Los Angeles,United States,AR-105404,Andy Reiter,North America - US,4/11/2012,US-2012-136987,Medium,OFF-PA-10003127,Staples,24.2696,2,53,Consumer,4/14/2012,Second Class,1.59,California,Paper,15,3,North America - US - West,April,2,2012,Low Sales,North America - US|United States|North America - US - West|California|Los Angeles
Office Supplies,Los Angeles,United States,LH-171554,Logan Haushalter,North America - US,6/19/2012,CA-2012-121965,Medium,OFF-PA-10004355,Xerox 231,3.1104,1,6,Consumer,6/23/2012,Standard Class,0.52,California,Paper,25,4,North America - US - West,June,2,2012,Low Sales,North America - US|United States|North America - US - West|California|Los Angeles
Office Supplies,Los Angeles,United States,AR-105104,Andrew Roberts,North America - US,8/31/2012,CA-2012-112319,High,OFF-PA-10003441,Xerox 226,27.9936,9,58,Consumer,9/5/2012,Standard Class,7.98,California,Paper,35,5,North America - US - West,August,3,2012,Low Sales,North America - US|United States|North America - US - West|California|Los Angeles
Office Supplies,Los Angeles,United States,NG-184304,Nathan Gelder,North America - US,11/22/2012,CA-2012-137708,High,OFF-PA-10000176,Xerox 1887,18.2112,2,38,Consumer,11/25/2012,Second Class,3.9,California,Paper,47,3,North America - US - West,November,4,2012,Low Sales,North America - US|United States|North America - US - West|California|Los Angeles
Office Supplies,Los Angeles,United States,NG-184304,Nathan Gelder,North America - US,11/22/2012,CA-2012-137708,High,OFF-PA-10000327,Xerox 1971,19.26,10,43,Consumer,11/25/2012,Second Class,6.15,California,Paper,47,3,North America - US - West,November,4,2012,Low Sales,North America - US|United States|North America - US - West|California|Los Angeles
Office Supplies,Los Angeles,United States,DP-130004,Darren Powers,North America - US,11/24/2012,CA-2012-105347,Medium,OFF-PA-10000675,Xerox 1919,180.7659,9,369,Consumer,11/28/2012,Standard Class,6.98,California,Paper,47,4,North America - US - West,November,4,2012,Medium Sales,North America - US|United States|North America - US - West|California|Los Angeles
Office Supplies,Los Angeles,United States,TS-213404,Toby Swindell,North America - US,11/24/2012,CA-2012-153416,Medium,OFF-PA-10002005,Xerox 225,9.3312,3,19,Consumer,11/29/2012,Standard Class,1.68,California,Paper,47,5,North America - US - West,November,4,2012,Low Sales,North America - US|United States|North America - US - West|California|Los Angeles
Office Supplies,Los Angeles,United States,KM-167204,Kunst Miller,North America - US,11/24/2012,CA-2012-135545,Medium,OFF-PA-10003892,Xerox 1943,68.9631,3,147,Consumer,11/30/2012,Standard Class,4.93,California,Paper,47,6,North America - US - West,November,4,2012,Medium Sales,North America - US|United States|North America - US - West|California|Los Angeles
Office Supplies,Los Angeles,United States,AI-108554,Arianne Irving,North America - US,12/20/2012,CA-2012-158918,Medium,OFF-PA-10004947,Staples,7.704,4,17,Consumer,12/25/2012,Second Class,1.31,California,Paper,51,5,North America - US - West,December,4,2012,Low Sales,North America - US|United States|North America - US - West|California|Los Angeles
Office Supplies,Los Angeles,United States,CL-125654,Clay Ludtke,North America - US,12/30/2012,CA-2012-135580,Medium,OFF-PA-10000595,Xerox 1929,31.5192,3,69,Consumer,1/3/2013,Standard Class,6.36,California,Paper,53,4,North America - US - West,December,4,2012,Low Sales,North America - US|United States|North America - US - West|California|Los Angeles
Office Supplies,Los Angeles,United States,SW-202454,Scot Wooten,North America - US,3/13/2013,US-2013-119270,Medium,OFF-PA-10004022,Hammermill Color Copier Paper (28Lb. and 96 Bright),8.991,2,20,Consumer,3/17/2013,Standard Class,1.3,California,Paper,11,4,North America - US - West,March,1,2013,Low Sales,North America - US|United States|North America - US - West|California|Los Angeles
Office Supplies,Los Angeles,United States,CC-122204,Chris Cortes,North America - US,3/29/2013,CA-2013-131380,Critical,OFF-PA-10001243,Xerox 1983,2.9302,1,6,Consumer,4/1/2013,Second Class,1.82,California,Paper,13,3,North America - US - West,March,1,2013,Low Sales,North America - US|United States|North America - US - West|California|Los Angeles
Office Supplies,Los Angeles,United States,LC-171404,Logan Currie,North America - US,4/9/2013,CA-2013-130477,High,OFF-PA-10002947,Xerox 1923,9.6192,3,20,Consumer,4/13/2013,Standard Class,2.92,California,Paper,15,4,North America - US - West,April,2,2013,Low Sales,North America - US|United States|North America - US - West|California|Los Angeles
Office Supplies,Los Angeles,United States,LC-171404,Logan Currie,North America - US,4/9/2013,CA-2013-130477,High,OFF-PA-10000019,Xerox 1931,6.2208,2,13,Consumer,4/13/2013,Standard Class,2.28,California,Paper,15,4,North America - US - West,April,2,2013,Low Sales,North America - US|United States|North America - US - West|California|Los Angeles
Office Supplies,Los Angeles,United States,JF-152954,Jason Fortune-,North America - US,4/13/2013,CA-2013-163594,Medium,OFF-PA-10000809,Xerox 206,9.3312,3,19,Consumer,4/15/2013,First Class,1.77,California,Paper,15,2,North America - US - West,April,2,2013,Low Sales,North America - US|United States|North America - US - West|California|Los Angeles
Office Supplies,Los Angeles,United States,JO-152804,Jas O'Carroll,North America - US,4/20/2013,US-2013-115819,Medium,OFF-PA-10002377,"Adams Telephone Message Book W/Dividers/Space For Phone Numbers, 5 1/4""X8 1/2"", 200/Messages",10.224,4,23,Consumer,4/25/2013,Second Class,3.87,California,Paper,16,5,North America - US - West,April,2,2013,Low Sales,North America - US|United States|North America - US - West|California|Los Angeles
Office Supplies,Los Angeles,United States,TB-216254,Trudy Brown,North America - US,5/9/2013,CA-2013-111696,High,OFF-PA-10002751,Xerox 1920,8.073,3,18,Consumer,5/11/2013,First Class,3.42,California,Paper,19,2,North America - US - West,May,2,2013,Low Sales,North America - US|United States|North America - US - West|California|Los Angeles
Office Supplies,Los Angeles,United States,TT-210704,Ted Trevino,North America - US,5/12/2013,CA-2013-162733,Medium,OFF-PA-10002751,Xerox 1920,2.691,1,6,Consumer,5/13/2013,First Class,0.41,California,Paper,20,1,North America - US - West,May,2,2013,Low Sales,North America - US|United States|North America - US - West|California|Los Angeles
Office Supplies,Los Angeles,United States,DO-134354,Denny Ordway,North America - US,5/17/2013,CA-2013-133144,Medium,OFF-PA-10004971,Xerox 196,8.4966,3,17,Consumer,5/22/2013,Second Class,1.82,California,Paper,20,5,North America - US - West,May,2,2013,Low Sales,North America - US|United States|North America - US - West|California|Los Angeles
Office Supplies,Los Angeles,United States,LS-172454,Lynn Smith,North America - US,5/28/2013,CA-2013-136994,Medium,OFF-PA-10000575,"Wirebound Message Books, Four 2 3/4 x 5 White Forms per Page",6.1548,2,13,Consumer,6/3/2013,Standard Class,0.88,California,Paper,22,6,North America - US - West,May,2,2013,Low Sales,North America - US|United States|North America - US - West|California|Los Angeles
Office Supplies,Los Angeles,United States,CL-125654,Clay Ludtke,North America - US,5/29/2013,CA-2013-134803,Low,OFF-PA-10003790,Xerox 1991,84.0512,8,183,Consumer,6/4/2013,Standard Class,17.93,California,Paper,22,6,North America - US - West,May,2,2013,Medium Sales,North America - US|United States|North America - US - West|California|Los Angeles
Office Supplies,Los Angeles,United States,OT-187304,Olvera Toch,North America - US,6/11/2013,CA-2013-113243,Medium,OFF-PA-10003441,Xerox 226,15.552,5,32,Consumer,6/16/2013,Standard Class,1.91,California,Paper,24,5,North America - US - West,June,2,2013,Low Sales,North America - US|United States|North America - US - West|California|Los Angeles
Office Supplies,Los Angeles,United States,BD-113204,Bill Donatelli,North America - US,6/17/2013,CA-2013-148593,Medium,OFF-PA-10001776,"Wirebound Message Books, Four 2 3/4"" x 5"" Forms per Page, 600 Sets per Book",21.7845,5,46,Consumer,6/19/2013,Second Class,1.14,California,Paper,25,2,North America - US - West,June,2,2013,Low Sales,North America - US|United States|North America - US - West|California|Los Angeles
Office Supplies,Los Angeles,United States,MV-181904,Mike Vittorini,North America - US,6/18/2013,CA-2013-123512,Critical,OFF-PA-10001497,Xerox 1914,107.7216,4,220,Consumer,6/20/2013,First Class,74.66,California,Paper,25,2,North America - US - West,June,2,2013,Medium Sales,North America - US|United States|North America - US - West|California|Los Angeles
Office Supplies,Los Angeles,United States,GT-147554,Guy Thornton,North America - US,7/4/2013,CA-2013-130029,High,OFF-PA-10000552,Xerox 200,6.2208,2,13,Consumer,7/7/2013,First Class,1.62,California,Paper,27,3,North America - US - West,July,3,2013,Low Sales,North America - US|United States|North America - US - West|California|Los Angeles
Office Supplies,Los Angeles,United States,CC-123704,Christopher Conant,North America - US,7/8/2013,CA-2013-135265,Critical,OFF-PA-10002923,Xerox 1942,24.47,1,49,Consumer,7/10/2013,Second Class,10.36,California,Paper,28,2,North America - US - West,July,3,2013,Low Sales,North America - US|United States|North America - US - West|California|Los Angeles
Office Supplies,Los Angeles,United States,JM-155804,Jill Matthias,North America - US,8/15/2013,CA-2013-136021,High,OFF-PA-10000551,Array Memo Cubes,7.6146,3,16,Consumer,8/19/2013,Standard Class,2.15,California,Paper,33,4,North America - US - West,August,3,2013,Low Sales,North America - US|United States|North America - US - West|California|Los Angeles
Office Supplies,Los Angeles,United States,BD-113204,Bill Donatelli,North America - US,8/16/2013,CA-2013-167241,Low,OFF-PA-10004911,"Rediform S.O.S. 1-Up Phone Message Bk, 4-1/4x3-1/16 Bk, 1 Form/Pg, 40 Messages/Bk, 3/Pk",18.0096,4,38,Consumer,8/23/2013,Standard Class,4.05,California,Paper,33,7,North America - US - West,August,3,2013,Low Sales,North America - US|United States|North America - US - West|California|Los Angeles
Office Supplies,Los Angeles,United States,PS-187604,Pamela Stobb,North America - US,9/30/2013,US-2013-101497,High,OFF-PA-10000176,Xerox 1887,9.1056,1,19,Consumer,10/2/2013,Second Class,1.89,California,Paper,40,2,North America - US - West,September,3,2013,Low Sales,North America - US|United States|North America - US - West|California|Los Angeles
Office Supplies,Los Angeles,United States,CC-124754,Cindy Chapman,North America - US,10/8/2013,CA-2013-155033,High,OFF-PA-10000143,Astroparche Fine Business Paper,5.0688,2,11,Consumer,10/13/2013,Standard Class,1.61,California,Paper,41,5,North America - US - West,October,4,2013,Low Sales,North America - US|United States|North America - US - West|California|Los Angeles
Office Supplies,Los Angeles,United States,JE-157454,Joel Eaton,North America - US,10/9/2013,US-2013-162026,Critical,OFF-PA-10000167,Xerox 1925,27.882,2,62,Consumer,10/9/2013,Same Day,3,California,Paper,41,0,North America - US - West,October,4,2013,Low Sales,North America - US|United States|North America - US - West|California|Los Angeles
Office Supplies,Los Angeles,United States,XP-218654,Xylona Preis,North America - US,11/4/2013,CA-2013-109365,Medium,OFF-PA-10004359,Multicolor Computer Printout Paper,150.984,3,315,Consumer,11/9/2013,Standard Class,22.15,California,Paper,45,5,North America - US - West,November,4,2013,Medium Sales,North America - US|United States|North America - US - West|California|Los Angeles
Office Supplies,Los Angeles,United States,XP-218654,Xylona Preis,North America - US,11/4/2013,CA-2013-109365,Medium,OFF-PA-10001725,Xerox 1892,56.9772,3,116,Consumer,11/9/2013,Standard Class,5.57,California,Paper,45,5,North America - US - West,November,4,2013,Medium Sales,North America - US|United States|North America - US - West|California|Los Angeles
Office Supplies,Los Angeles,United States,XP-218654,Xylona Preis,North America - US,11/4/2013,CA-2013-109365,Medium,OFF-PA-10000477,Xerox 22,9.3312,3,19,Consumer,11/9/2013,Standard Class,1.3,California,Paper,45,5,North America - US - West,November,4,2013,Low Sales,North America - US|United States|North America - US - West|California|Los Angeles
Office Supplies,Los Angeles,United States,AI-108554,Arianne Irving,North America - US,11/11/2013,CA-2013-158694,High,OFF-PA-10002421,Embossed Ink Jet Note Cards,32.5008,3,68,Consumer,11/14/2013,Second Class,10.83,California,Paper,46,3,North America - US - West,November,4,2013,Low Sales,North America - US|United States|North America - US - West|California|Los Angeles
Office Supplies,Los Angeles,United States,AI-108554,Arianne Irving,North America - US,11/11/2013,CA-2013-158694,High,OFF-PA-10001363,Xerox 1933,28.858,5,61,Consumer,11/14/2013,Second Class,8.68,California,Paper,46,3,North America - US - West,November,4,2013,Low Sales,North America - US|United States|North America - US - West|California|Los Angeles
Office Supplies,Los Angeles,United States,SO-203354,Sean O'Donnell,North America - US,1/15/2014,CA-2014-149076,Medium,OFF-PA-10000483,Xerox 19,69.705,5,155,Consumer,1/20/2014,Standard Class,9.12,California,Paper,3,5,North America - US - West,January,1,2014,Medium Sales,North America - US|United States|North America - US - West|California|Los Angeles
Office Supplies,Los Angeles,United States,CK-125954,Clytie Kelty,North America - US,2/24/2014,CA-2014-104647,Medium,OFF-PA-10002870,"Ampad Phone Message Book, Recycled, 400 Message Capacity, 5 ¾” x 11”",16.848,6,37,Consumer,3/2/2014,Standard Class,3.82,California,Paper,9,6,North America - US - West,February,1,2014,Low Sales,North America - US|United States|North America - US - West|California|Los Angeles
Office Supplies,Los Angeles,United States,PS-187604,Pamela Stobb,North America - US,4/18/2014,CA-2014-128965,Medium,OFF-PA-10004911,"Rediform S.O.S. 1-Up Phone Message Bk, 4-1/4x3-1/16 Bk, 1 Form/Pg, 40 Messages/Bk, 3/Pk",13.5072,3,28,Consumer,4/23/2014,Standard Class,2.84,California,Paper,16,5,North America - US - West,April,2,2014,Low Sales,North America - US|United States|North America - US - West|California|Los Angeles
Office Supplies,Los Angeles,United States,LL-168404,Lauren Leatherbury,North America - US,4/26/2014,CA-2014-120222,Medium,OFF-PA-10004675,"Telephone Message Books with Fax/Mobile Section, 5 1/2"" x 3 3/16""",8.763,3,19,Consumer,5/3/2014,Standard Class,1.52,California,Paper,17,7,North America - US - West,April,2,2014,Low Sales,North America - US|United States|North America - US - West|California|Los Angeles
Office Supplies,Los Angeles,United States,DD-135704,Dorothy Dickinson,North America - US,5/3/2014,CA-2014-147844,Medium,OFF-PA-10003016,"Adams ""While You Were Out"" Message Pads",7.065,5,16,Consumer,5/7/2014,Standard Class,0.93,California,Paper,18,4,North America - US - West,May,2,2014,Low Sales,North America - US|United States|North America - US - West|California|Los Angeles
Office Supplies,Los Angeles,United States,DD-135704,Dorothy Dickinson,North America - US,5/3/2014,CA-2014-147844,Medium,OFF-PA-10002713,"Adams Phone Message Book, 200 Message Capacity, 8 1/16” x 11”",15.824,5,34,Consumer,5/7/2014,Standard Class,2.54,California,Paper,18,4,North America - US - West,May,2,2014,Low Sales,North America - US|United States|North America - US - West|California|Los Angeles
Office Supplies,Los Angeles,United States,DV-134654,Dianna Vittorini,North America - US,6/12/2014,US-2014-152002,Medium,OFF-PA-10000357,"White Dual Perf Computer Printout Paper, 2700 Sheets, 1 Part, Heavyweight, 20 lbs., 14 7/8 x 11",60.2553,3,123,Consumer,6/12/2014,Same Day,23.65,California,Paper,24,0,North America - US - West,June,2,2014,Medium Sales,North America - US|United States|North America - US - West|California|Los Angeles
Office Supplies,Los Angeles,United States,CC-126704,Craig Carreira,North America - US,6/19/2014,CA-2014-112753,High,OFF-PA-10002036,Xerox 1930,19.0512,6,39,Consumer,6/24/2014,Standard Class,4.89,California,Paper,25,5,North America - US - West,June,2,2014,Low Sales,North America - US|United States|North America - US - West|California|Los Angeles
Office Supplies,Los Angeles,United States,TT-212204,Thomas Thornton,North America - US,7/1/2014,US-2014-113201,Medium,OFF-PA-10000675,Xerox 1919,100.4255,5,205,Consumer,7/6/2014,Standard Class,14.98,California,Paper,27,5,North America - US - West,July,3,2014,Medium Sales,North America - US|United States|North America - US - West|California|Los Angeles
Office Supplies,Los Angeles,United States,TB-215204,Tracy Blumstein,North America - US,7/24/2014,CA-2014-133718,Critical,OFF-PA-10002689,Weyerhaeuser First Choice Laser/Copy Paper (20Lb. and 88 Bright),27.9936,9,58,Consumer,7/27/2014,First Class,7.82,California,Paper,30,3,North America - US - West,July,3,2014,Low Sales,North America - US|United States|North America - US - West|California|Los Angeles
Office Supplies,Los Angeles,United States,KT-164804,Kean Thornton,North America - US,8/21/2014,CA-2014-105326,Medium,OFF-PA-10001639,Xerox 203,12.4416,4,26,Consumer,8/28/2014,Standard Class,1.27,California,Paper,34,7,North America - US - West,August,3,2014,Low Sales,North America - US|United States|North America - US - West|California|Los Angeles
Office Supplies,Los Angeles,United States,LC-170504,Liz Carlisle,North America - US,9/10/2014,CA-2014-137498,Medium,OFF-PA-10000143,Astroparche Fine Business Paper,22.8096,9,48,Consumer,9/15/2014,Second Class,5.29,California,Paper,37,5,North America - US - West,September,3,2014,Low Sales,North America - US|United States|North America - US - West|California|Los Angeles
Office Supplies,Los Angeles,United States,JM-158654,John Murray,North America - US,9/13/2014,US-2014-109582,Medium,OFF-PA-10004071,"Eaton Premium Continuous-Feed Paper, 25% Cotton, Letter Size, White, 1000 Shts/Box",79.8912,3,166,Consumer,9/18/2014,Second Class,11.1,California,Paper,37,5,North America - US - West,September,3,2014,Medium Sales,North America - US|United States|North America - US - West|California|Los Angeles
Office Supplies,Los Angeles,United States,DB-136604,Duane Benoit,North America - US,9/24/2014,CA-2014-121853,Medium,OFF-PA-10003641,Xerox 1909,97.0784,8,211,Consumer,9/30/2014,Standard Class,15.64,California,Paper,39,6,North America - US - West,September,3,2014,Medium Sales,North America - US|United States|North America - US - West|California|Los Angeles
Office Supplies,Los Angeles,United States,XP-218654,Xylona Preis,North America - US,10/10/2014,US-2014-115595,Medium,OFF-PA-10001745,"Wirebound Message Books, 2 7/8"" x 5"", 3 Forms per Page",16.544,5,35,Consumer,10/12/2014,First Class,7.79,California,Paper,41,2,North America - US - West,October,4,2014,Low Sales,North America - US|United States|North America - US - West|California|Los Angeles
Office Supplies,Los Angeles,United States,GA-147254,Guy Armstrong,North America - US,11/12/2014,CA-2014-110842,Medium,OFF-PA-10000520,Xerox 201,9.3312,3,19,Consumer,11/17/2014,Standard Class,1.43,California,Paper,46,5,North America - US - West,November,4,2014,Low Sales,North America - US|United States|North America - US - West|California|Los Angeles
Office Supplies,Los Angeles,United States,EP-139154,Emily Phan,North America - US,11/13/2014,US-2014-125808,High,OFF-PA-10001846,Xerox 1899,5.6644,2,12,Consumer,11/16/2014,Second Class,1.71,California,Paper,46,3,North America - US - West,November,4,2014,Low Sales,North America - US|United States|North America - US - West|California|Los Angeles
Office Supplies,Los Angeles,United States,CC-125504,Clay Cheatham,North America - US,12/2/2014,CA-2014-118542,Medium,OFF-PA-10004735,Xerox 1905,21.7728,7,45,Consumer,12/6/2014,Standard Class,3.56,California,Paper,49,4,North America - US - West,December,4,2014,Low Sales,North America - US|United States|North America - US - West|California|Los Angeles
Office Supplies,Los Angeles,United States,EP-139154,Emily Phan,North America - US,12/19/2014,CA-2014-102099,Medium,OFF-PA-10003172,Xerox 1996,6.2208,2,13,Consumer,12/20/2014,First Class,0.94,California,Paper,51,1,North America - US - West,December,4,2014,Low Sales,North America - US|United States|North America - US - West|California|Los Angeles
Office Supplies,Los Angeles,United States,EP-139154,Emily Phan,North America - US,12/19/2014,CA-2014-102099,Medium,OFF-PA-10000289,Xerox 213,15.552,5,32,Consumer,12/20/2014,First Class,1.09,California,Paper,51,1,North America - US - West,December,4,2014,Low Sales,North America - US|United States|North America - US - West|California|Los Angeles
Office Supplies,Los Angeles,United States,SR-207404,Steven Roelle,North America - US,2/21/2011,CA-2011-164903,High,OFF-PA-10003363,Xerox 204,6.2208,2,13,Home Office,2/25/2011,Standard Class,1.14,California,Paper,9,4,North America - US - West,February,1,2011,Low Sales,North America - US|United States|North America - US - West|California|Los Angeles
Office Supplies,Los Angeles,United States,AY-105554,Andy Yotov,North America - US,4/6/2011,CA-2011-102652,Medium,OFF-PA-10001977,Xerox 194,26.6304,1,55,Corporate,4/12/2011,Standard Class,2.28,California,Paper,15,6,North America - US - West,April,2,2011,Low Sales,North America - US|United States|North America - US - West|California|Los Angeles
Office Supplies,Los Angeles,United States,AY-105554,Andy Yotov,North America - US,4/6/2011,CA-2011-102652,Medium,OFF-PA-10003309,Xerox 211,9.3312,3,19,Corporate,4/12/2011,Standard Class,2.11,California,Paper,15,6,North America - US - West,April,2,2011,Low Sales,North America - US|United States|North America - US - West|California|Los Angeles
Office Supplies,Los Angeles,United States,AH-100304,Aaron Hawkins,North America - US,5/13/2011,CA-2011-113768,Medium,OFF-PA-10003063,EcoTones Memo Sheets,3.84,2,8,Corporate,5/19/2011,Standard Class,0.15,California,Paper,20,6,North America - US - West,May,2,2011,Low Sales,North America - US|United States|North America - US - West|California|Los Angeles
Office Supplies,Los Angeles,United States,VF-217154,Vicky Freymann,North America - US,7/25/2011,CA-2011-146528,High,OFF-PA-10002195,Xerox 1966,3.1752,1,6,Home Office,7/27/2011,Second Class,0.79,California,Paper,31,2,North America - US - West,July,3,2011,Low Sales,North America - US|United States|North America - US - West|California|Los Angeles
Office Supplies,Los Angeles,United States,JM-152654,Janet Molinari,North America - US,8/25/2011,CA-2011-104178,High,OFF-PA-10004983,Xerox 23,12.4416,4,26,Corporate,8/29/2011,Standard Class,3.11,California,Paper,35,4,North America - US - West,August,3,2011,Low Sales,North America - US|United States|North America - US - West|California|Los Angeles
Office Supplies,Los Angeles,United States,GG-146504,Greg Guthrie,North America - US,10/31/2011,CA-2011-106439,High,OFF-PA-10000477,Xerox 1952,30.4278,13,65,Corporate,11/4/2011,Standard Class,6.72,California,Paper,45,4,North America - US - West,October,4,2011,Low Sales,North America - US|United States|North America - US - West|California|Los Angeles
Office Supplies,Los Angeles,United States,PL-189254,Paul Lucas,North America - US,11/1/2011,CA-2011-168305,Medium,OFF-PA-10004947,Staples,9.63,5,21,Home Office,11/8/2011,Standard Class,0.92,California,Paper,45,7,North America - US - West,November,4,2011,Low Sales,North America - US|United States|North America - US - West|California|Los Angeles
Office Supplies,Los Angeles,United States,MA-175604,Matt Abelman,North America - US,11/11/2011,CA-2011-140732,High,OFF-PA-10003625,Xerox 1979,55.764,4,124,Home Office,11/13/2011,Second Class,27.69,California,Paper,46,2,North America - US - West,November,4,2011,Medium Sales,North America - US|United States|North America - US - West|California|Los Angeles
Office Supplies,Los Angeles,United States,MC-181304,Mike Caudle,North America - US,3/19/2012,CA-2012-163104,Medium,OFF-PA-10001947,Xerox 1974,5.8604,2,12,Corporate,3/26/2012,Standard Class,1.2,California,Paper,12,7,North America - US - West,March,1,2012,Low Sales,North America - US|United States|North America - US - West|California|Los Angeles
Office Supplies,Los Angeles,United States,AM-103604,Alice McCarthy,North America - US,3/23/2012,US-2012-107944,High,OFF-PA-10000659,"TOPS Carbonless Receipt Book, Four 2-3/4 x 7-1/4 Money Receipts per Page",92.5056,11,193,Corporate,3/25/2012,First Class,27.31,California,Paper,12,2,North America - US - West,March,1,2012,Medium Sales,North America - US|United States|North America - US - West|California|Los Angeles
Office Supplies,Los Angeles,United States,BP-110954,Bart Pistole,North America - US,3/23/2012,CA-2012-138219,Medium,OFF-PA-10000380,"REDIFORM Incoming/Outgoing Call Register, 11"" X 8 1/2"", 100 Messages",16.68,4,33,Corporate,3/30/2012,Standard Class,2.16,California,Paper,12,7,North America - US - West,March,1,2012,Low Sales,North America - US|United States|North America - US - West|California|Los Angeles
Office Supplies,Los Angeles,United States,DE-132554,Deanra Eno,North America - US,4/18/2012,CA-2012-142601,Medium,OFF-PA-10000483,Xerox 19,27.882,2,62,Home Office,4/20/2012,Second Class,8.38,California,Paper,16,2,North America - US - West,April,2,2012,Low Sales,North America - US|United States|North America - US - West|California|Los Angeles
Office Supplies,Los Angeles,United States,AJ-107804,Anthony Jacobs,North America - US,5/18/2012,CA-2012-165554,Medium,OFF-PA-10003724,"Wirebound Message Book, 4 per Page",5.3214,2,11,Corporate,5/22/2012,Standard Class,1,California,Paper,20,4,North America - US - West,May,2,2012,Low Sales,North America - US|United States|North America - US - West|California|Los Angeles
Office Supplies,Los Angeles,United States,CG-120404,Catherine Glotzbach,North America - US,6/1/2012,CA-2012-161242,Medium,OFF-PA-10001838,"Adams Telephone Message Book W/Dividers/Space For Phone Numbers, 5 1/4""X8 1/2"", 300/Messages",5.7624,2,12,Home Office,6/8/2012,Standard Class,0.82,California,Paper,22,7,North America - US - West,June,2,2012,Low Sales,North America - US|United States|North America - US - West|California|Los Angeles
Office Supplies,Los Angeles,United States,MO-178004,Meg O'Connel,North America - US,9/17/2012,CA-2012-133025,Critical,OFF-PA-10004100,Xerox 216,15.552,5,32,Home Office,9/19/2012,Second Class,7.02,California,Paper,38,2,North America - US - West,September,3,2012,Low Sales,North America - US|United States|North America - US - West|California|Los Angeles
Office Supplies,Los Angeles,United States,RW-195404,Rick Wilson,North America - US,9/19/2012,CA-2012-132815,High,OFF-PA-10004530,Personal Creations Ink Jet Cards and Labels,11.2504,2,23,Corporate,9/22/2012,Second Class,3.62,California,Paper,38,3,North America - US - West,September,3,2012,Low Sales,North America - US|United States|North America - US - West|California|Los Angeles
Office Supplies,Los Angeles,United States,YC-218954,Yoseph Carroll,North America - US,11/12/2012,CA-2012-153220,High,OFF-PA-10003016,"Adams ""While You Were Out"" Message Pads",7.065,5,16,Corporate,11/14/2012,First Class,3.41,California,Paper,46,2,North America - US - West,November,4,2012,Low Sales,North America - US|United States|North America - US - West|California|Los Angeles
Office Supplies,Los Angeles,United States,SN-207104,Steve Nguyen,North America - US,11/27/2012,CA-2012-125234,Medium,OFF-PA-10000482,"Snap-A-Way Black Print Carbonless Ruled Speed Letter, Triplicate",53.4954,3,114,Home Office,12/1/2012,Standard Class,9.19,California,Paper,48,4,North America - US - West,November,4,2012,Medium Sales,North America - US|United States|North America - US - West|California|Los Angeles
Office Supplies,Los Angeles,United States,DB-129703,Darren Budd,North America - US,12/14/2012,CA-2012-141593,High,OFF-PA-10004983,Xerox 23,3.1104,1,6,Corporate,12/16/2012,Second Class,1.31,California,Paper,50,2,North America - US - West,December,4,2012,Low Sales,North America - US|United States|North America - US - West|California|Los Angeles
Office Supplies,Los Angeles,United States,SM-203204,Sean Miller,North America - US,12/25/2012,CA-2012-144890,Medium,OFF-PA-10001526,Xerox 1949,4.8804,2,10,Home Office,12/29/2012,Standard Class,0.22,California,Paper,52,4,North America - US - West,December,4,2012,Low Sales,North America - US|United States|North America - US - West|California|Los Angeles
Office Supplies,Los Angeles,United States,SC-200504,Sample Company A,North America - US,1/31/2013,CA-2013-129238,Medium,OFF-PA-10002764,Staples,27.783,5,57,Home Office,2/4/2013,Standard Class,4.73,California,Paper,5,4,North America - US - West,January,1,2013,Low Sales,North America - US|United States|North America - US - West|California|Los Angeles
Office Supplies,Los Angeles,United States,SM-209504,Suzanne McNair,North America - US,2/1/2013,CA-2013-154067,Medium,OFF-PA-10002254,Xerox 1883,48.5392,4,106,Corporate,2/7/2013,Standard Class,8.11,California,Paper,5,6,North America - US - West,February,1,2013,Medium Sales,North America - US|United States|North America - US - West|California|Los Angeles
Office Supplies,Los Angeles,United States,RD-198104,Ross DeVincentis,North America - US,2/13/2013,CA-2013-112942,Medium,OFF-PA-10004092,Tops Green Bar Computer Printout Paper,73.41,3,147,Home Office,2/18/2013,Standard Class,8.08,California,Paper,7,5,North America - US - West,February,1,2013,Medium Sales,North America - US|United States|North America - US - West|California|Los Angeles
Office Supplies,Los Angeles,United States,KF-162854,Karen Ferguson,North America - US,3/11/2013,CA-2013-159016,High,OFF-PA-10004405,Rediform Voice Mail Log Books,7.152,5,15,Home Office,3/12/2013,First Class,2.67,California,Paper,11,1,North America - US - West,March,1,2013,Low Sales,North America - US|United States|North America - US - West|California|Los Angeles
Office Supplies,Los Angeles,United States,RS-194204,Ricardo Sperren,North America - US,5/10/2013,US-2013-159093,Medium,OFF-PA-10001260,"TOPS Money Receipt Book, Consecutively Numbered in Red,",14.418,4,32,Corporate,5/15/2013,Standard Class,1.48,California,Paper,19,5,North America - US - West,May,2,2013,Low Sales,North America - US|United States|North America - US - West|California|Los Angeles
Office Supplies,Los Angeles,United States,NL-183104,Nancy Lomonaco,North America - US,5/31/2013,CA-2013-147473,Medium,OFF-PA-10004782,Xerox 228,18.6624,6,39,Home Office,6/4/2013,Standard Class,2.81,California,Paper,22,4,North America - US - West,May,2,2013,Low Sales,North America - US|United States|North America - US - West|California|Los Angeles
Office Supplies,Los Angeles,United States,RB-197954,Ross Baird,North America - US,6/7/2013,US-2013-155971,Medium,OFF-PA-10000210,Xerox Blank Computer Paper,46.953,5,100,Home Office,6/13/2013,Standard Class,4.9,California,Paper,23,6,North America - US - West,June,2,2013,Medium Sales,North America - US|United States|North America - US - West|California|Los Angeles
Office Supplies,Los Angeles,United States,AH-100754,Adam Hart,North America - US,6/27/2013,CA-2013-144015,Critical,OFF-PA-10002870,"Ampad Phone Message Book, Recycled, 400 Message Capacity, 5 ¾” x 11”",5.616,2,12,Corporate,6/27/2013,Same Day,2.73,California,Paper,26,0,North America - US - West,June,2,2013,Low Sales,North America - US|United States|North America - US - West|California|Los Angeles
Office Supplies,Los Angeles,United States,SC-202304,Scot Coram,North America - US,8/22/2013,US-2013-126452,Low,OFF-PA-10002606,Xerox 1928,21.384,9,48,Corporate,8/29/2013,Standard Class,3.43,California,Paper,34,7,North America - US - West,August,3,2013,Low Sales,North America - US|United States|North America - US - West|California|Los Angeles
Office Supplies,Los Angeles,United States,SC-202304,Scot Coram,North America - US,8/22/2013,US-2013-126452,Low,OFF-PA-10003848,Xerox 1997,6.2208,2,13,Corporate,8/29/2013,Standard Class,1.16,California,Paper,34,7,North America - US - West,August,3,2013,Low Sales,North America - US|United States|North America - US - West|California|Los Angeles
Office Supplies,Los Angeles,United States,JS-156854,Jim Sink,North America - US,9/18/2013,CA-2013-109806,Medium,OFF-PA-10000304,Xerox 1995,3.1104,1,6,Corporate,9/23/2013,Standard Class,0.52,California,Paper,38,5,North America - US - West,September,3,2013,Low Sales,North America - US|United States|North America - US - West|California|Los Angeles
Office Supplies,Los Angeles,United States,LA-167804,Laura Armstrong,North America - US,9/25/2013,CA-2013-155187,Medium,OFF-PA-10000380,"REDIFORM Incoming/Outgoing Call Register, 11"" X 8 1/2"", 100 Messages",20.85,5,42,Corporate,9/27/2013,Second Class,5.31,California,Paper,39,2,North America - US - West,September,3,2013,Low Sales,North America - US|United States|North America - US - West|California|Los Angeles
Office Supplies,Los Angeles,United States,CW-119054,Carl Weiss,North America - US,11/5/2013,CA-2013-119018,High,OFF-PA-10000295,Xerox 229,18.6624,6,39,Home Office,11/9/2013,Standard Class,6.66,California,Paper,45,4,North America - US - West,November,4,2013,Low Sales,North America - US|United States|North America - US - West|California|Los Angeles
Office Supplies,Los Angeles,United States,TH-212354,Tiffany House,North America - US,11/22/2013,CA-2013-152646,Medium,OFF-PA-10004451,Xerox 222,15.552,5,32,Corporate,11/27/2013,Standard Class,1.97,California,Paper,47,5,North America - US - West,November,4,2013,Low Sales,North America - US|United States|North America - US - West|California|Los Angeles
Office Supplies,Los Angeles,United States,AP-107204,Anne Pryor,North America - US,12/7/2013,US-2013-103674,Medium,OFF-PA-10000743,Xerox 1977,6.4128,2,13,Home Office,12/11/2013,Standard Class,0.8,California,Paper,49,4,North America - US - West,December,4,2013,Low Sales,North America - US|United States|North America - US - West|California|Los Angeles
Office Supplies,Los Angeles,United States,HG-149654,Henry Goldwyn,North America - US,12/19/2013,CA-2013-145919,High,OFF-PA-10003072,"Eureka Recycled Copy Paper 8 1/2"" x 11"", Ream",18.6624,6,39,Corporate,12/24/2013,Standard Class,5.02,California,Paper,51,5,North America - US - West,December,4,2013,Low Sales,North America - US|United States|North America - US - West|California|Los Angeles
Office Supplies,Los Angeles,United States,GK-146204,Grace Kelly,North America - US,12/26/2013,US-2013-116729,Medium,OFF-PA-10002005,Xerox 225,21.7728,7,45,Corporate,12/29/2013,First Class,1.33,California,Paper,52,3,North America - US - West,December,4,2013,Low Sales,North America - US|United States|North America - US - West|California|Los Angeles
Office Supplies,Los Angeles,United States,BT-115304,Bradley Talbott,North America - US,2/27/2014,CA-2014-117212,Medium,OFF-PA-10001970,Xerox 1908,109.7208,4,224,Home Office,3/1/2014,Second Class,17.93,California,Paper,9,2,North America - US - West,February,1,2014,Medium Sales,North America - US|United States|North America - US - West|California|Los Angeles
Office Supplies,Los Angeles,United States,BT-115304,Bradley Talbott,North America - US,2/27/2014,CA-2014-117212,Medium,OFF-PA-10000682,Xerox 1924,11.3288,4,23,Home Office,3/1/2014,Second Class,2.6,California,Paper,9,2,North America - US - West,February,1,2014,Low Sales,North America - US|United States|North America - US - West|California|Los Angeles
Office Supplies,Los Angeles,United States,NS-186404,Noel Staavos,North America - US,4/16/2014,CA-2014-134635,Critical,OFF-PA-10002254,Xerox 1883,36.4044,3,79,Corporate,4/18/2014,Second Class,17.5,California,Paper,16,2,North America - US - West,April,2,2014,Low Sales,North America - US|United States|North America - US - West|California|Los Angeles
Office Supplies,Los Angeles,United States,SM-209504,Suzanne McNair,North America - US,5/31/2014,CA-2014-120614,Medium,OFF-PA-10004911,"Rediform S.O.S. 1-Up Phone Message Bk, 4-1/4x3-1/16 Bk, 1 Form/Pg, 40 Messages/Bk, 3/Pk",18.0096,4,38,Corporate,6/5/2014,Standard Class,1.63,California,Paper,22,5,North America - US - West,May,2,2014,Low Sales,North America - US|United States|North America - US - West|California|Los Angeles
Office Supplies,Los Angeles,United States,SS-201404,Saphhira Shifley,North America - US,6/4/2014,CA-2014-145772,High,OFF-PA-10001593,Xerox 1947,5.382,2,12,Corporate,6/8/2014,Standard Class,1.4,California,Paper,23,4,North America - US - West,June,2,2014,Low Sales,North America - US|United States|North America - US - West|California|Los Angeles
Office Supplies,Los Angeles,United States,RS-197654,Roland Schwarz,North America - US,10/16/2014,CA-2014-113670,Critical,OFF-PA-10000675,Xerox 1919,100.4255,5,205,Corporate,10/18/2014,First Class,35.32,California,Paper,42,2,North America - US - West,October,4,2014,Medium Sales,North America - US|United States|North America - US - West|California|Los Angeles
Office Supplies,Los Angeles,United States,AM-103604,Alice McCarthy,North America - US,12/3/2014,CA-2014-109701,High,OFF-PA-10003724,"Wirebound Message Book, 4 per Page",5.3214,2,11,Corporate,12/4/2014,Same Day,1.77,California,Paper,49,1,North America - US - West,December,4,2014,Low Sales,North America - US|United States|North America - US - West|California|Los Angeles
Office Supplies,Los Angeles,United States,CS-122504,Chris Selesnick,North America - US,12/5/2014,CA-2014-153227,High,OFF-PA-10001838,"Adams Telephone Message Book W/Dividers/Space For Phone Numbers, 5 1/4""X8 1/2"", 300/Messages",5.7624,2,12,Corporate,12/7/2014,First Class,2.14,California,Paper,49,2,North America - US - West,December,4,2014,Low Sales,North America - US|United States|North America - US - West|California|Los Angeles
Office Supplies,Los Angeles,United States,RB-194654,Rick Bensley,North America - US,12/17/2014,CA-2014-161578,High,OFF-PA-10002986,Xerox 1898,6.4128,2,13,Home Office,12/22/2014,Second Class,1.23,California,Paper,51,5,North America - US - West,December,4,2014,Low Sales,North America - US|United States|North America - US - West|California|Los Angeles
Office Supplies,Los Angeles,United States,FH-142754,Frank Hawley,North America - US,4/6/2011,CA-2011-153808,High,OFF-AR-10001725,Boston Home & Office Model 2000 Electric Pencil Sharpeners,18.447,3,71,Corporate,4/10/2011,Second Class,8.74,California,Art,15,4,North America - US - West,April,2,2011,Low Sales,North America - US|United States|North America - US - West|California|Los Angeles
Office Supplies,Los Angeles,United States,JL-158354,John Lee,North America - US,4/18/2011,CA-2011-110849,High,OFF-AR-10000657,"Binney & Smith inkTank Desk Highlighter, Chisel Tip, Yellow, 12/Box",3.5475,5,11,Consumer,4/23/2011,Standard Class,1.79,California,Art,17,5,North America - US - West,April,2,2011,Low Sales,North America - US|United States|North America - US - West|California|Los Angeles
Office Supplies,Los Angeles,United States,JL-158354,John Lee,North America - US,4/18/2011,CA-2011-110849,High,OFF-AR-10002375,Newell 351,3.8048,4,13,Consumer,4/23/2011,Standard Class,0.6,California,Art,17,5,North America - US - West,April,2,2011,Low Sales,North America - US|United States|North America - US - West|California|Los Angeles
Office Supplies,Los Angeles,United States,MH-172904,Marc Harrigan,North America - US,4/26/2011,CA-2011-116785,High,OFF-AR-10003504,Newell 347,6.206,5,21,Home Office,4/30/2011,Standard Class,3.37,California,Art,18,4,North America - US - West,April,2,2011,Low Sales,North America - US|United States|North America - US - West|California|Los Angeles
Office Supplies,Los Angeles,United States,SN-207104,Steve Nguyen,North America - US,5/6/2011,US-2011-154879,Medium,OFF-AR-10001897,Model L Table or Wall-Mount Pencil Sharpener,30.2232,6,108,Home Office,5/11/2011,Standard Class,10.88,California,Art,19,5,North America - US - West,May,2,2011,Medium Sales,North America - US|United States|North America - US - West|California|Los Angeles
Office Supplies,Los Angeles,United States,BH-117104,Brosina Hoffman,North America - US,6/9/2011,CA-2011-115812,Medium,OFF-AR-10002833,Newell 322,1.9656,4,7,Consumer,6/14/2011,Standard Class,0.49,California,Art,24,5,North America - US - West,June,2,2011,Low Sales,North America - US|United States|North America - US - West|California|Los Angeles
Office Supplies,Los Angeles,United States,FM-142154,Filia McAdams,North America - US,6/13/2011,CA-2011-114643,High,OFF-AR-10003631,Staples,4.7916,3,15,Corporate,6/17/2011,Standard Class,2.33,California,Art,25,4,North America - US - West,June,2,2011,Low Sales,North America - US|United States|North America - US - West|California|Los Angeles
Office Supplies,Los Angeles,United States,AR-108254,Anthony Rawles,North America - US,6/30/2011,CA-2011-109218,Medium,OFF-AR-10001374,"BIC Brite Liner Highlighters, Chisel Tip",10.368,5,32,Corporate,7/3/2011,Second Class,1.53,California,Art,27,3,North America - US - West,June,2,2011,Low Sales,North America - US|United States|North America - US - West|California|Los Angeles
Office Supplies,Los Angeles,United States,AB-102554,Alejandro Ballentine,North America - US,7/22/2011,CA-2011-122679,Medium,OFF-AR-10004757,Crayola Colored Pencils,6.4944,6,20,Home Office,7/28/2011,Standard Class,1.37,California,Art,30,6,North America - US - West,July,3,2011,Low Sales,North America - US|United States|North America - US - West|California|Los Angeles
Office Supplies,Los Angeles,United States,GG-146504,Greg Guthrie,North America - US,10/31/2011,CA-2011-106439,High,OFF-AR-10001419,Newell 325,3.717,3,12,Corporate,11/4/2011,Standard Class,1.78,California,Art,45,4,North America - US - West,October,4,2011,Low Sales,North America - US|United States|North America - US - West|California|Los Angeles
Office Supplies,Los Angeles,United States,TC-215354,Tracy Collins,North America - US,11/3/2011,CA-2011-153619,Critical,OFF-AR-10001868,Prang Dustless Chalk Sticks,3.36,4,7,Home Office,11/3/2011,Same Day,1.6,California,Art,45,0,North America - US - West,November,4,2011,Low Sales,North America - US|United States|North America - US - West|California|Los Angeles
Office Supplies,Los Angeles,United States,AP-109154,Arthur Prichep,North America - US,11/11/2011,CA-2011-105270,Low,OFF-AR-10003156,50 Colored Long Pencils,7.9248,3,30,Consumer,11/18/2011,Standard Class,4.02,California,Art,46,7,North America - US - West,November,4,2011,Low Sales,North America - US|United States|North America - US - West|California|Los Angeles
Office Supplies,Los Angeles,United States,RB-194354,Richard Bierner,North America - US,11/25/2011,US-2011-144078,Medium,OFF-AR-10004707,Staples,2.604,3,7,Consumer,11/29/2011,Standard Class,0.62,California,Art,48,4,North America - US - West,November,4,2011,Low Sales,North America - US|United States|North America - US - West|California|Los Angeles
Office Supplies,Los Angeles,United States,RL-196154,Rob Lucas,North America - US,12/5/2011,CA-2011-133830,Medium,OFF-AR-10003045,Prang Colored Pencils,11.907,9,26,Consumer,12/10/2011,Standard Class,1.45,California,Art,50,5,North America - US - West,December,4,2011,Low Sales,North America - US|United States|North America - US - West|California|Los Angeles
Office Supplies,Los Angeles,United States,FP-143204,Frank Preis,North America - US,12/7/2011,CA-2011-138737,Medium,OFF-AR-10003190,Newell 32,2.4192,3,9,Consumer,12/10/2011,First Class,0.71,California,Art,50,3,North America - US - West,December,4,2011,Low Sales,North America - US|United States|North America - US - West|California|Los Angeles
Office Supplies,Los Angeles,United States,MC-178454,Michael Chen,North America - US,12/20/2011,CA-2011-156594,High,OFF-AR-10001725,Boston Home & Office Model 2000 Electric Pencil Sharpeners,12.298,2,47,Consumer,12/23/2011,Second Class,6.7,California,Art,52,3,North America - US - West,December,4,2011,Low Sales,North America - US|United States|North America - US - West|California|Los Angeles
Office Supplies,Los Angeles,United States,MC-178454,Michael Chen,North America - US,12/20/2011,CA-2011-156594,High,OFF-AR-10004269,Newell 31,1.1564,1,4,Consumer,12/23/2011,Second Class,0.68,California,Art,52,3,North America - US - West,December,4,2011,Low Sales,North America - US|United States|North America - US - West|California|Los Angeles
Office Supplies,Los Angeles,United States,AZ-107504,Annie Zypern,North America - US,4/22/2012,CA-2012-151253,High,OFF-AR-10004691,Boston 1730 StandUp Electric Pencil Sharpener,16.6764,3,64,Consumer,4/26/2012,Standard Class,7.61,California,Art,17,4,North America - US - West,April,2,2012,Low Sales,North America - US|United States|North America - US - West|California|Los Angeles
Office Supplies,Los Angeles,United States,AB-101654,Alan Barnes,North America - US,6/25/2012,CA-2012-115945,Medium,OFF-AR-10004062,Staples,5.24,2,21,Consumer,7/1/2012,Standard Class,1.56,California,Art,26,6,North America - US - West,June,2,2012,Low Sales,North America - US|United States|North America - US - West|California|Los Angeles
Office Supplies,Los Angeles,United States,PC-190004,Pauline Chand,North America - US,8/1/2012,CA-2012-153388,Medium,OFF-AR-10001868,Prang Dustless Chalk Sticks,3.36,4,7,Home Office,8/7/2012,Standard Class,0.33,California,Art,31,6,North America - US - West,August,3,2012,Low Sales,North America - US|United States|North America - US - West|California|Los Angeles
Office Supplies,Los Angeles,United States,GB-145304,George Bell,North America - US,9/18/2012,CA-2012-167745,Medium,OFF-AR-10003602,"Quartet Omega Colored Chalk, 12/Pack",5.4896,2,12,Corporate,9/23/2012,Standard Class,0.91,California,Art,38,5,North America - US - West,September,3,2012,Low Sales,North America - US|United States|North America - US - West|California|Los Angeles
Office Supplies,Los Angeles,United States,SN-205604,Skye Norling,North America - US,11/20/2012,CA-2012-144652,Medium,OFF-AR-10003732,Newell 333,5.0596,7,19,Home Office,11/26/2012,Standard Class,1.07,California,Art,47,6,North America - US - West,November,4,2012,Low Sales,North America - US|United States|North America - US - West|California|Los Angeles
Office Supplies,Los Angeles,United States,DP-130004,Darren Powers,North America - US,11/24/2012,CA-2012-105347,Medium,OFF-AR-10003045,Prang Colored Pencils,6.615,5,15,Consumer,11/28/2012,Standard Class,0.76,California,Art,47,4,North America - US - West,November,4,2012,Low Sales,North America - US|United States|North America - US - West|California|Los Angeles
Office Supplies,Los Angeles,United States,FC-142454,Frank Carlisle,North America - US,12/10/2012,CA-2012-115693,Medium,OFF-AR-10003582,"Boston Electric Pencil Sharpener, Model 1818, Charcoal Black",15.764,2,56,Home Office,12/15/2012,Standard Class,4.99,California,Art,50,5,North America - US - West,December,4,2012,Low Sales,North America - US|United States|North America - US - West|California|Los Angeles
Office Supplies,Los Angeles,United States,PG-188954,Paul Gonzalez,North America - US,12/17/2012,CA-2012-134117,Critical,OFF-AR-10003903,Sanford 52201 APSCO Electric Pencil Sharpener,53.261,5,205,Consumer,12/19/2012,Second Class,72.45,California,Art,51,2,North America - US - West,December,4,2012,Medium Sales,North America - US|United States|North America - US - West|California|Los Angeles
Office Supplies,Los Angeles,United States,PG-188954,Paul Gonzalez,North America - US,12/17/2012,CA-2012-134117,Critical,OFF-AR-10001940,"Sanford Colorific Eraseable Coloring Pencils, 12 Count",7.052,5,16,Consumer,12/19/2012,Second Class,2.73,California,Art,51,2,North America - US - West,December,4,2012,Low Sales,North America - US|United States|North America - US - West|California|Los Angeles
Office Supplies,Los Angeles,United States,HG-149654,Henry Goldwyn,North America - US,1/28/2013,CA-2013-146437,Medium,OFF-AR-10000588,Newell 345,10.3168,2,40,Corporate,2/1/2013,Second Class,3.91,California,Art,5,4,North America - US - West,January,1,2013,Low Sales,North America - US|United States|North America - US - West|California|Los Angeles
Office Supplies,Los Angeles,United States,JO-152804,Jas O'Carroll,North America - US,4/20/2013,US-2013-115819,Medium,OFF-AR-10000823,Newell 307,1.5288,3,5,Consumer,4/25/2013,Second Class,0.41,California,Art,16,5,North America - US - West,April,2,2013,Low Sales,North America - US|United States|North America - US - West|California|Los Angeles
Office Supplies,Los Angeles,United States,JO-152804,Jas O'Carroll,North America - US,4/20/2013,US-2013-115819,Medium,OFF-AR-10004456,Panasonic KP-4ABK Battery-Operated Pencil Sharpener,21.228,5,73,Consumer,4/25/2013,Second Class,7.83,California,Art,16,5,North America - US - West,April,2,2013,Low Sales,North America - US|United States|North America - US - West|California|Los Angeles
Office Supplies,Los Angeles,United States,PW-190304,Pauline Webber,North America - US,8/23/2013,CA-2013-140256,Low,OFF-AR-10002255,Newell 346,1.6704,2,6,Corporate,8/30/2013,Standard Class,0.52,California,Art,34,7,North America - US - West,August,3,2013,Low Sales,North America - US|United States|North America - US - West|California|Los Angeles
Office Supplies,Los Angeles,United States,TS-214304,Tom Stivers,North America - US,8/27/2013,US-2013-100405,Critical,OFF-AR-10000390,Newell Chalk Holder,3.7996,2,8,Corporate,8/29/2013,Second Class,2.99,California,Art,35,2,North America - US - West,August,3,2013,Low Sales,North America - US|United States|North America - US - West|California|Los Angeles
Office Supplies,Los Angeles,United States,LR-169154,Lena Radford,North America - US,9/3/2013,CA-2013-126732,Medium,OFF-AR-10004752,Blackstonian Pencils,5.2332,7,19,Consumer,9/7/2013,Standard Class,1.73,California,Art,36,4,North America - US - West,September,3,2013,Low Sales,North America - US|United States|North America - US - West|California|Los Angeles
Office Supplies,Los Angeles,United States,JS-156854,Jim Sink,North America - US,9/18/2013,CA-2013-109806,Medium,OFF-AR-10004930,Turquoise Lead Holder with Pocket Clip,6.633,3,20,Corporate,9/23/2013,Standard Class,1.44,California,Art,38,5,North America - US - West,September,3,2013,Low Sales,North America - US|United States|North America - US - West|California|Los Angeles
Office Supplies,Los Angeles,United States,CS-119504,Carlos Soltero,North America - US,10/22/2013,CA-2013-161746,Medium,OFF-AR-10000390,Newell Chalk Holder,5.6994,3,12,Consumer,10/28/2013,Standard Class,0.09,California,Art,43,6,North America - US - West,October,4,2013,Low Sales,North America - US|United States|North America - US - West|California|Los Angeles
Office Supplies,Los Angeles,United States,AI-108554,Arianne Irving,North America - US,11/11/2013,CA-2013-158694,High,OFF-AR-10001227,Newell 338,3.969,5,15,Consumer,11/14/2013,Second Class,1.23,California,Art,46,3,North America - US - West,November,4,2013,Low Sales,North America - US|United States|North America - US - West|California|Los Angeles
Office Supplies,Los Angeles,United States,TB-212504,Tim Brockman,North America - US,11/15/2013,US-2013-112970,Critical,OFF-AR-10003829,Newell 35,2.8536,3,10,Consumer,11/16/2013,First Class,2.71,California,Art,46,1,North America - US - West,November,4,2013,Low Sales,North America - US|United States|North America - US - West|California|Los Angeles
Office Supplies,Los Angeles,United States,MS-173654,Maribeth Schnelling,North America - US,11/27/2013,CA-2013-107104,Medium,OFF-AR-10004269,Newell 31,10.4076,9,37,Consumer,12/1/2013,Standard Class,1.58,California,Art,48,4,North America - US - West,November,4,2013,Low Sales,North America - US|United States|North America - US - West|California|Los Angeles
Office Supplies,Los Angeles,United States,FH-143654,Fred Hopkins,North America - US,12/2/2013,CA-2013-104689,High,OFF-AR-10001149,"Sanford Colorific Colored Pencils, 12/Box",6.912,8,23,Corporate,12/6/2013,Standard Class,1.32,California,Art,49,4,North America - US - West,December,4,2013,Low Sales,North America - US|United States|North America - US - West|California|Los Angeles
Office Supplies,Los Angeles,United States,AP-107204,Anne Pryor,North America - US,12/7/2013,US-2013-103674,Medium,OFF-AR-10004752,Blackstonian Pencils,5.2332,7,19,Home Office,12/11/2013,Standard Class,1.6,California,Art,49,4,North America - US - West,December,4,2013,Low Sales,North America - US|United States|North America - US - West|California|Los Angeles
Office Supplies,Los Angeles,United States,MC-181304,Mike Caudle,North America - US,12/27/2013,CA-2013-129868,Medium,OFF-AR-10001897,Model L Table or Wall-Mount Pencil Sharpener,15.1116,3,54,Corporate,1/1/2014,Standard Class,2.39,California,Art,52,5,North America - US - West,December,4,2013,Low Sales,North America - US|United States|North America - US - West|California|Los Angeles
Office Supplies,Los Angeles,United States,TT-214604,Tonja Turnell,North America - US,1/16/2014,CA-2014-160934,High,OFF-AR-10003504,Newell 347,6.206,5,21,Home Office,1/20/2014,Standard Class,2,California,Art,3,4,North America - US - West,January,1,2014,Low Sales,North America - US|United States|North America - US - West|California|Los Angeles
Office Supplies,Los Angeles,United States,ED-138854,Emily Ducich,North America - US,2/20/2014,CA-2014-134838,High,OFF-AR-10000634,Newell 320,3.4668,3,13,Home Office,2/21/2014,First Class,0.83,California,Art,8,1,North America - US - West,February,1,2014,Low Sales,North America - US|United States|North America - US - West|California|Los Angeles
Office Supplies,Los Angeles,United States,SP-208604,Sung Pak,North America - US,3/5/2014,CA-2014-110478,Medium,OFF-AR-10001573,American Pencil,2.7028,4,9,Corporate,3/10/2014,Standard Class,0.7,California,Art,10,5,North America - US - West,March,1,2014,Low Sales,North America - US|United States|North America - US - West|California|Los Angeles
Office Supplies,Los Angeles,United States,BP-110504,Barry Pond,North America - US,3/19/2014,CA-2014-143084,Medium,OFF-AR-10002766,Prang Drawing Pencil Set,3.753,5,14,Corporate,3/23/2014,Standard Class,0.56,California,Art,12,4,North America - US - West,March,1,2014,Low Sales,North America - US|United States|North America - US - West|California|Los Angeles
Office Supplies,Los Angeles,United States,TB-214004,Tom Boeckenhauer,North America - US,3/31/2014,US-2014-120117,High,OFF-AR-10000817,Manco Dry-Lighter Erasable Highlighter,2.0672,2,6,Consumer,3/31/2014,Same Day,0.38,California,Art,14,0,North America - US - West,March,1,2014,Low Sales,North America - US|United States|North America - US - West|California|Los Angeles
Office Supplies,Los Angeles,United States,AP-109154,Arthur Prichep,North America - US,4/28/2014,CA-2014-168228,High,OFF-AR-10001725,Boston Home & Office Model 2000 Electric Pencil Sharpeners,12.298,2,47,Consumer,4/30/2014,First Class,10.4,California,Art,18,2,North America - US - West,April,2,2014,Low Sales,North America - US|United States|North America - US - West|California|Los Angeles
Office Supplies,Los Angeles,United States,AP-109154,Arthur Prichep,North America - US,4/28/2014,CA-2014-168228,High,OFF-AR-10003373,"Boston School Pro Electric Pencil Sharpener, 1670",33.4584,4,124,Consumer,4/30/2014,First Class,18.3,California,Art,18,2,North America - US - West,April,2,2014,Medium Sales,North America - US|United States|North America - US - West|California|Los Angeles
Office Supplies,Los Angeles,United States,AP-109154,Arthur Prichep,North America - US,4/28/2014,CA-2014-168228,High,OFF-AR-10000390,Newell Chalk Holder,5.6994,3,12,Consumer,4/30/2014,First Class,2.53,California,Art,18,2,North America - US - West,April,2,2014,Low Sales,North America - US|United States|North America - US - West|California|Los Angeles
Office Supplies,Los Angeles,United States,EA-140354,Erin Ashbrook,North America - US,5/1/2014,CA-2014-154501,Medium,OFF-AR-10002804,Faber Castell Col-Erase Pencils,4.0098,2,10,Corporate,5/6/2014,Standard Class,0.21,California,Art,18,5,North America - US - West,May,2,2014,Low Sales,North America - US|United States|North America - US - West|California|Los Angeles
Office Supplies,Los Angeles,United States,DD-135704,Dorothy Dickinson,North America - US,5/3/2014,CA-2014-147844,Medium,OFF-AR-10001615,Newell 34,15.4752,3,60,Consumer,5/7/2014,Standard Class,3.63,California,Art,18,4,North America - US - West,May,2,2014,Low Sales,North America - US|United States|North America - US - West|California|Los Angeles
Office Supplies,Los Angeles,United States,RL-196154,Rob Lucas,North America - US,5/23/2014,US-2014-151127,Medium,OFF-AR-10002445,SANFORD Major Accent Highlighters,18.8328,7,50,Consumer,5/26/2014,First Class,5.26,California,Art,21,3,North America - US - West,May,2,2014,Low Sales,North America - US|United States|North America - US - West|California|Los Angeles
Office Supplies,Los Angeles,United States,BW-112004,Ben Wallace,North America - US,6/11/2014,CA-2014-143343,Medium,OFF-AR-10002375,Newell 351,4.756,5,16,Consumer,6/14/2014,First Class,1.49,California,Art,24,3,North America - US - West,June,2,2014,Low Sales,North America - US|United States|North America - US - West|California|Los Angeles
Office Supplies,Los Angeles,United States,SC-208004,Stuart Calhoun,North America - US,6/16/2014,CA-2014-135167,Medium,OFF-AR-10002399,"Dixon Prang Watercolor Pencils, 10-Color Set with Brush",1.7466,1,4,Consumer,6/21/2014,Standard Class,0.29,California,Art,25,5,North America - US - West,June,2,2014,Low Sales,North America - US|United States|North America - US - West|California|Los Angeles
Office Supplies,Los Angeles,United States,WB-218504,William Brown,North America - US,6/30/2014,CA-2014-138149,High,OFF-AR-10000255,Newell 328,3.0368,2,12,Consumer,7/1/2014,First Class,2.05,California,Art,27,1,North America - US - West,June,2,2014,Low Sales,North America - US|United States|North America - US - West|California|Los Angeles
Office Supplies,Los Angeles,United States,LC-170504,Liz Carlisle,North America - US,9/10/2014,CA-2014-137498,Medium,OFF-AR-10003829,Newell 35,1.9024,2,7,Consumer,9/15/2014,Second Class,0.2,California,Art,37,5,North America - US - West,September,3,2014,Low Sales,North America - US|United States|North America - US - West|California|Los Angeles
Office Supplies,Los Angeles,United States,DP-131054,Dave Poirier,North America - US,9/20/2014,CA-2014-102974,Medium,OFF-AR-10000914,Boston 16765 Mini Stand Up Battery Pencil Sharpener,6.0632,2,23,Corporate,9/25/2014,Standard Class,1.41,California,Art,38,5,North America - US - West,September,3,2014,Low Sales,North America - US|United States|North America - US - West|California|Los Angeles
Office Supplies,Los Angeles,United States,DP-131054,Dave Poirier,North America - US,9/20/2014,CA-2014-102974,Medium,OFF-AR-10004956,Newell 33,4.8546,3,17,Corporate,9/25/2014,Standard Class,0.88,California,Art,38,5,North America - US - West,September,3,2014,Low Sales,North America - US|United States|North America - US - West|California|Los Angeles
Office Supplies,Los Angeles,United States,SC-205754,Sonia Cooley,North America - US,9/30/2014,US-2014-141509,Critical,OFF-AR-10002067,Newell 334,25.792,5,99,Consumer,10/2/2014,First Class,4.52,California,Art,40,2,North America - US - West,September,3,2014,Low Sales,North America - US|United States|North America - US - West|California|Los Angeles
Office Supplies,Los Angeles,United States,RW-196904,Robert Waldorf,North America - US,10/13/2014,CA-2014-112431,High,OFF-AR-10000940,Newell 343,1.5876,2,6,Consumer,10/15/2014,Second Class,0.81,California,Art,42,2,North America - US - West,October,4,2014,Low Sales,North America - US|United States|North America - US - West|California|Los Angeles
Office Supplies,Los Angeles,United States,ZC-219104,Zuschuss Carroll,North America - US,11/7/2014,CA-2014-100013,Medium,OFF-AR-10001022,SANFORD Liquid Accent Tank-Style Highlighters,1.7608,2,6,Consumer,11/12/2014,Standard Class,0.19,California,Art,45,5,North America - US - West,November,4,2014,Low Sales,North America - US|United States|North America - US - West|California|Los Angeles
Office Supplies,Los Angeles,United States,JE-157154,Joe Elijah,North America - US,11/15/2014,CA-2014-124261,Medium,OFF-AR-10003504,Newell 347,9.9296,8,34,Consumer,11/20/2014,Standard Class,1.02,California,Art,46,5,North America - US - West,November,4,2014,Low Sales,North America - US|United States|North America - US - West|California|Los Angeles
Office Supplies,Los Angeles,United States,AM-103604,Alice McCarthy,North America - US,12/3/2014,CA-2014-109701,High,OFF-AR-10001868,Prang Dustless Chalk Sticks,5.04,6,10,Corporate,12/4/2014,Same Day,0.23,California,Art,49,1,North America - US - West,December,4,2014,Low Sales,North America - US|United States|North America - US - West|California|Los Angeles
Office Supplies,Los Angeles,United States,AT-104354,Alyssa Tate,North America - US,12/10/2014,CA-2014-102407,Medium,OFF-AR-10000122,Newell 314,2.79,2,11,Home Office,12/14/2014,Second Class,1.5,California,Art,50,4,North America - US - West,December,4,2014,Low Sales,North America - US|United States|North America - US - West|California|Los Angeles
Office Supplies,Los Angeles,United States,EP-139154,Emily Phan,North America - US,12/19/2014,CA-2014-102099,Medium,OFF-AR-10003811,Newell 327,1.7901,3,7,Consumer,12/20/2014,First Class,1.05,California,Art,51,1,North America - US - West,December,4,2014,Low Sales,North America - US|United States|North America - US - West|California|Los Angeles
Office Supplies,Los Angeles,United States,BN-115154,Bradley Nguyen,North America - US,12/22/2014,CA-2014-163405,High,OFF-AR-10001246,Newell 317,1.7052,2,6,Consumer,12/26/2014,Standard Class,0.66,California,Art,52,4,North America - US - West,December,4,2014,Low Sales,North America - US|United States|North America - US - West|California|Los Angeles
Office Supplies,Los Angeles,United States,BN-115154,Bradley Nguyen,North America - US,12/22/2014,CA-2014-163405,High,OFF-AR-10003811,Newell 327,1.7901,3,7,Consumer,12/26/2014,Standard Class,0.29,California,Art,52,4,North America - US - West,December,4,2014,Low Sales,North America - US|United States|North America - US - West|California|Los Angeles
Office Supplies,Los Angeles,United States,PO-188654,Patrick O'Donnell,North America - US,3/23/2011,CA-2011-120838,High,OFF-ST-10000585,Economy Rollaway Files,85.904,2,330,Consumer,3/26/2011,Second Class,34.62,California,Storage,13,3,North America - US - West,March,1,2011,Medium Sales,North America - US|United States|North America - US - West|California|Los Angeles
Office Supplies,Los Angeles,United States,PS-189704,Paul Stevenson,North America - US,4/15/2011,US-2011-120740,Critical,OFF-AP-10000240,Belkin F9G930V10-GRY 9 Outlet Surge,31.0184,2,107,Home Office,4/15/2011,Same Day,20.75,California,Appliances,16,0,North America - US - West,April,2,2011,Medium Sales,North America - US|United States|North America - US - West|California|Los Angeles
Office Supplies,Los Angeles,United States,VF-217154,Vicky Freymann,North America - US,7/25/2011,CA-2011-146528,High,OFF-SU-10002522,Acme Kleen Earth Office Shears,4.5008,4,16,Home Office,7/27/2011,Second Class,0.86,California,Supplies,31,2,North America - US - West,July,3,2011,Low Sales,North America - US|United States|North America - US - West|California|Los Angeles
Office Supplies,Los Angeles,United States,BB-109904,Barry Blumstein,North America - US,7/27/2011,CA-2011-169642,Medium,OFF-ST-10002574,"SAFCO Commercial Wire Shelving, Black",0,2,276,Corporate,7/30/2011,Second Class,32.27,California,Storage,31,3,North America - US - West,July,3,2011,Medium Sales,North America - US|United States|North America - US - West|California|Los Angeles
Office Supplies,Los Angeles,United States,TS-213704,Todd Sumrall,North America - US,10/28/2011,CA-2011-101931,High,OFF-ST-10003442,Eldon Portable Mobile Manager,38.178,5,141,Corporate,10/31/2011,First Class,14.96,California,Storage,44,3,North America - US - West,October,4,2011,Medium Sales,North America - US|United States|North America - US - West|California|Los Angeles
Office Supplies,Los Angeles,United States,TS-213704,Todd Sumrall,North America - US,10/28/2011,CA-2011-101931,High,OFF-SU-10000646,Premier Automatic Letter Opener,14.4222,2,481,Corporate,10/31/2011,First Class,21.55,California,Supplies,44,3,North America - US - West,October,4,2011,Medium Sales,North America - US|United States|North America - US - West|California|Los Angeles
Office Supplies,Los Angeles,United States,TS-213704,Todd Sumrall,North America - US,10/28/2011,CA-2011-101931,High,OFF-SU-10002301,Serrated Blade or Curved Handle Hand Letter Openers,0.0628,2,6,Corporate,10/31/2011,First Class,1.41,California,Supplies,44,3,North America - US - West,October,4,2011,Low Sales,North America - US|United States|North America - US - West|California|Los Angeles
Office Supplies,Los Angeles,United States,MA-175604,Matt Abelman,North America - US,11/11/2011,CA-2011-140732,High,OFF-AP-10001626,"Commercial WindTunnel Clean Air Upright Vacuum, Replacement Belts, Filtration Bags",2.0228,2,8,Home Office,11/13/2011,Second Class,0.92,California,Appliances,46,2,North America - US - West,November,4,2011,Low Sales,North America - US|United States|North America - US - West|California|Los Angeles
Office Supplies,Los Angeles,United States,SS-204104,Shahid Shariari,North America - US,11/15/2011,CA-2011-127558,Medium,OFF-SU-10002537,Acme Box Cutter Scissors,5.3196,2,20,Consumer,11/18/2011,First Class,5.13,California,Supplies,47,3,North America - US - West,November,4,2011,Low Sales,North America - US|United States|North America - US - West|California|Los Angeles
Office Supplies,Los Angeles,United States,JD-161504,Justin Deggeller,North America - US,11/16/2011,CA-2011-119144,Critical,OFF-ST-10000991,Space Solutions HD Industrial Steel Shelving.,10.3473,3,345,Corporate,11/18/2011,First Class,89.84,California,Storage,47,2,North America - US - West,November,4,2011,Medium Sales,North America - US|United States|North America - US - West|California|Los Angeles
Office Supplies,Los Angeles,United States,SC-200954,Sanjit Chand,North America - US,11/23/2011,US-2011-157385,Critical,OFF-EN-10003160,Pastel Pink Envelopes,10.4832,3,22,Consumer,11/25/2011,First Class,2.9,California,Envelopes,48,2,North America - US - West,November,4,2011,Low Sales,North America - US|United States|North America - US - West|California|Los Angeles
Office Supplies,Los Angeles,United States,JB-159254,Joni Blumstein,North America - US,12/5/2011,CA-2011-150203,High,OFF-AP-10001469,Fellowes 8 Outlet Superior Workstation Surge Protector,72.5754,6,250,Consumer,12/7/2011,First Class,36.78,California,Appliances,50,2,North America - US - West,December,4,2011,Medium Sales,North America - US|United States|North America - US - West|California|Los Angeles
Office Supplies,Los Angeles,United States,RS-197654,Roland Schwarz,North America - US,12/6/2011,CA-2011-106726,Critical,OFF-ST-10001496,Standard Rollaway File with Lock,327.9458,7,1261,Corporate,12/8/2011,First Class,506.49,California,Storage,50,2,North America - US - West,December,4,2011,High Sales,North America - US|United States|North America - US - West|California|Los Angeles
Office Supplies,Los Angeles,United States,BP-110954,Bart Pistole,North America - US,12/19/2011,CA-2011-162992,Medium,OFF-FA-10004248,Advantus T-Pin Paper Clips,8.7945,5,23,Corporate,12/21/2011,First Class,2.33,California,Fasteners,52,2,North America - US - West,December,4,2011,Low Sales,North America - US|United States|North America - US - West|California|Los Angeles
Office Supplies,Los Angeles,United States,BP-110954,Bart Pistole,North America - US,12/19/2011,CA-2011-162992,Medium,OFF-LA-10001934,Avery 516,6.8714,2,15,Corporate,12/21/2011,First Class,1.2,California,Labels,52,2,North America - US - West,December,4,2011,Low Sales,North America - US|United States|North America - US - West|California|Los Angeles
Office Supplies,Los Angeles,United States,AT-104354,Alyssa Tate,North America - US,12/27/2011,CA-2011-120243,High,OFF-LA-10004425,Staples,5.4332,4,12,Home Office,12/30/2011,Second Class,1.06,California,Labels,53,3,North America - US - West,December,4,2011,Low Sales,North America - US|United States|North America - US - West|California|Los Angeles
Office Supplies,Los Angeles,United States,JM-161954,Justin MacKendrick,North America - US,2/15/2012,CA-2012-116092,Medium,OFF-AP-10001391,Kensington 6 Outlet MasterPiece HOMEOFFICE Power Control Center,157.0176,6,541,Consumer,2/18/2012,Second Class,43.71,California,Appliances,7,3,North America - US - West,February,1,2012,High Sales,North America - US|United States|North America - US - West|California|Los Angeles
Office Supplies,Los Angeles,United States,DE-132554,Deanra Eno,North America - US,4/18/2012,CA-2012-142601,Medium,OFF-ST-10002756,"Tennsco Stur-D-Stor Boltless Shelving, 5 Shelves, 24"" Deep, Sand",9.4717,7,947,Home Office,4/20/2012,Second Class,36.83,California,Storage,16,2,North America - US - West,April,2,2012,High Sales,North America - US|United States|North America - US - West|California|Los Angeles
Office Supplies,Los Angeles,United States,CD-127904,Cynthia Delaney,North America - US,9/21/2012,CA-2012-149972,High,OFF-FA-10002763,Advantus Map Pennant Flags and Round Head Tacks,2.528,2,8,Home Office,9/23/2012,First Class,1.9,California,Fasteners,38,2,North America - US - West,September,3,2012,Low Sales,North America - US|United States|North America - US - West|California|Los Angeles
Office Supplies,Los Angeles,United States,MM-182804,Muhammed MacIntyre,North America - US,9/22/2012,CA-2012-168760,High,OFF-AP-10004532,Kensington 6 Outlet Guardian Standard Surge Protector,16.5888,3,61,Corporate,9/26/2012,Second Class,15.69,California,Appliances,38,4,North America - US - West,September,3,2012,Low Sales,North America - US|United States|North America - US - West|California|Los Angeles
Office Supplies,Los Angeles,United States,CS-124004,Christopher Schild,North America - US,10/2/2012,US-2012-119312,Medium,OFF-ST-10000943,Eldon ProFile File 'N Store Portable File Tub Letter/Legal Size Black,75.6952,14,270,Home Office,10/7/2012,Second Class,29.13,California,Storage,40,5,North America - US - West,October,4,2012,Medium Sales,North America - US|United States|North America - US - West|California|Los Angeles
Office Supplies,Los Angeles,United States,CM-121904,Charlotte Melton,North America - US,10/17/2012,CA-2012-152527,Critical,OFF-ST-10003479,"Eldon Base for stackable storage shelf, platinum",3.894,2,78,Consumer,10/17/2012,Same Day,18.46,California,Storage,42,0,North America - US - West,October,4,2012,Low Sales,North America - US|United States|North America - US - West|California|Los Angeles
Office Supplies,Los Angeles,United States,NG-184304,Nathan Gelder,North America - US,11/22/2012,CA-2012-137708,High,OFF-ST-10004634,"Personal Folder Holder, Ebony",10.089,3,34,Consumer,11/25/2012,Second Class,6.73,California,Storage,47,3,North America - US - West,November,4,2012,Low Sales,North America - US|United States|North America - US - West|California|Los Angeles
Office Supplies,Los Angeles,United States,HM-148604,Harry Marie,North America - US,12/4/2012,CA-2012-118871,Medium,OFF-EN-10003296,Tyvek Side-Opening Peel & Seel Expanding Envelopes,122.148,3,271,Corporate,12/9/2012,Second Class,34.62,California,Envelopes,49,5,North America - US - West,December,4,2012,Medium Sales,North America - US|United States|North America - US - West|California|Los Angeles
Office Supplies,Los Angeles,United States,KD-162704,Karen Daniels,North America - US,12/12/2012,CA-2012-110870,High,OFF-SU-10001225,Staples,0.5152,7,26,Consumer,12/15/2012,First Class,4.91,California,Supplies,50,3,North America - US - West,December,4,2012,Low Sales,North America - US|United States|North America - US - West|California|Los Angeles
Office Supplies,Los Angeles,United States,MC-175754,Matt Collins,North America - US,12/13/2012,CA-2012-125423,Medium,OFF-LA-10001771,Avery 513,4.5816,2,10,Consumer,12/15/2012,Second Class,0.87,California,Labels,50,2,North America - US - West,December,4,2012,Low Sales,North America - US|United States|North America - US - West|California|Los Angeles
Office Supplies,Los Angeles,United States,LR-169154,Lena Radford,North America - US,1/3/2013,CA-2013-125206,High,OFF-ST-10003692,Recycled Steel Personal File for Hanging File Folders,28.615,2,114,Consumer,1/5/2013,First Class,14.24,California,Storage,1,2,North America - US - West,January,1,2013,Medium Sales,North America - US|United States|North America - US - West|California|Los Angeles
Office Supplies,Los Angeles,United States,MC-176354,Matthew Clasen,North America - US,2/21/2013,CA-2013-139010,Medium,OFF-ST-10001809,Fellowes Officeware Wire Shelving,8.983,5,449,Corporate,2/26/2013,Second Class,54.23,California,Storage,8,5,North America - US - West,February,1,2013,Medium Sales,North America - US|United States|North America - US - West|California|Los Angeles
Office Supplies,Los Angeles,United States,CC-122204,Chris Cortes,North America - US,3/29/2013,CA-2013-131380,Critical,OFF-ST-10002485,Rogers Deluxe File Chest,0.8792,4,88,Consumer,4/1/2013,Second Class,23.69,California,Storage,13,3,North America - US - West,March,1,2013,Low Sales,North America - US|United States|North America - US - West|California|Los Angeles
Office Supplies,Los Angeles,United States,SC-200954,Sanjit Chand,North America - US,5/17/2013,CA-2013-130638,Medium,OFF-LA-10002195,Avery 481,13.3056,9,28,Consumer,5/20/2013,Second Class,2,California,Labels,20,3,North America - US - West,May,2,2013,Low Sales,North America - US|United States|North America - US - West|California|Los Angeles
Office Supplies,Los Angeles,United States,DV-130454,Darrin Van Huff,North America - US,6/13/2013,CA-2013-138688,High,OFF-LA-10000240,Self-Adhesive Address Labels for Typewriters by Universal,6.8714,2,15,Corporate,6/17/2013,Second Class,1.47,California,Labels,24,4,North America - US - West,June,2,2013,Low Sales,North America - US|United States|North America - US - West|California|Los Angeles
Office Supplies,Los Angeles,United States,MV-181904,Mike Vittorini,North America - US,6/18/2013,CA-2013-123512,Critical,OFF-LA-10000081,Avery 496,10.8,6,23,Consumer,6/20/2013,First Class,3.7,California,Labels,25,2,North America - US - West,June,2,2013,Low Sales,North America - US|United States|North America - US - West|California|Los Angeles
Office Supplies,Los Angeles,United States,AH-100754,Adam Hart,North America - US,6/27/2013,CA-2013-144015,Critical,OFF-FA-10000624,OIC Binder Clips,8.95,5,18,Corporate,6/27/2013,Same Day,4.89,California,Fasteners,26,0,North America - US - West,June,2,2013,Low Sales,North America - US|United States|North America - US - West|California|Los Angeles
Office Supplies,Los Angeles,United States,AH-100754,Adam Hart,North America - US,6/27/2013,CA-2013-144015,Critical,OFF-SU-10003505,Premier Electric Letter Opener,11.586,2,232,Corporate,6/27/2013,Same Day,43.08,California,Supplies,26,0,North America - US - West,June,2,2013,Medium Sales,North America - US|United States|North America - US - West|California|Los Angeles
Office Supplies,Los Angeles,United States,GT-147554,Guy Thornton,North America - US,7/4/2013,CA-2013-130029,High,OFF-FA-10001135,"Brites Rubber Bands, 1 1/2 oz. Box",0.0792,2,4,Consumer,7/7/2013,First Class,0.66,California,Fasteners,27,3,North America - US - West,July,3,2013,Low Sales,North America - US|United States|North America - US - West|California|Los Angeles
Office Supplies,Los Angeles,United States,LB-167354,Larry Blacks,North America - US,7/26/2013,CA-2013-111115,High,OFF-FA-10000624,OIC Binder Clips,10.74,6,21,Consumer,7/28/2013,Second Class,4.35,California,Fasteners,30,2,North America - US - West,July,3,2013,Low Sales,North America - US|United States|North America - US - West|California|Los Angeles
Office Supplies,Los Angeles,United States,LA-167804,Laura Armstrong,North America - US,9/25/2013,CA-2013-155187,Medium,OFF-ST-10000642,"Tennsco Lockers, Gray",2.9372,2,42,Corporate,9/27/2013,Second Class,2.92,California,Storage,39,2,North America - US - West,September,3,2013,Low Sales,North America - US|United States|North America - US - West|California|Los Angeles
Office Supplies,Los Angeles,United States,PF-192254,Phillip Flathmann,North America - US,11/4/2013,CA-2013-114972,Critical,OFF-AP-10003057,Honeywell Enviracaire Portable HEPA Air Cleaner for 16' x 20' Room,429.5772,4,1101,Consumer,11/7/2013,First Class,364.76,California,Appliances,45,3,North America - US - West,November,4,2013,High Sales,North America - US|United States|North America - US - West|California|Los Angeles
Office Supplies,Los Angeles,United States,PF-192254,Phillip Flathmann,North America - US,11/4/2013,CA-2013-114972,Critical,OFF-LA-10004545,Avery 50,41.2237,7,88,Consumer,11/7/2013,First Class,11.56,California,Labels,45,3,North America - US - West,November,4,2013,Low Sales,North America - US|United States|North America - US - West|California|Los Angeles
Office Supplies,Los Angeles,United States,EM-140954,Eudokia Martin,North America - US,11/8/2013,CA-2013-161669,High,OFF-LA-10004093,Avery 486,6.8714,2,15,Corporate,11/10/2013,First Class,1.92,California,Labels,45,2,North America - US - West,November,4,2013,Low Sales,North America - US|United States|North America - US - West|California|Los Angeles
Office Supplies,Los Angeles,United States,EM-140954,Eudokia Martin,North America - US,11/8/2013,CA-2013-161669,High,OFF-SU-10002503,Acme Preferred Stainless Steel Scissors,3.2944,2,11,Corporate,11/10/2013,First Class,1.38,California,Supplies,45,2,North America - US - West,November,4,2013,Low Sales,North America - US|United States|North America - US - West|California|Los Angeles
Office Supplies,Los Angeles,United States,AI-108554,Arianne Irving,North America - US,11/11/2013,CA-2013-158694,High,OFF-AP-10000055,Belkin F9S820V06 8 Outlet Surge,38.976,4,130,Consumer,11/14/2013,Second Class,16.65,California,Appliances,46,3,North America - US - West,November,4,2013,Medium Sales,North America - US|United States|North America - US - West|California|Los Angeles
Office Supplies,Los Angeles,United States,AI-108554,Arianne Irving,North America - US,11/11/2013,CA-2013-158694,High,OFF-ST-10001496,Standard Rollaway File with Lock,187.3976,4,721,Consumer,11/14/2013,Second Class,105.59,California,Storage,46,3,North America - US - West,November,4,2013,High Sales,North America - US|United States|North America - US - West|California|Los Angeles
Office Supplies,Los Angeles,United States,JP-161354,Julie Prescott,North America - US,12/31/2013,US-2013-111528,Medium,OFF-ST-10001526,Iceberg Mobile Mega Data/Printer Cart,125.1432,4,481,Home Office,12/31/2013,Same Day,56.65,California,Storage,53,0,North America - US - West,December,4,2013,Medium Sales,North America - US|United States|North America - US - West|California|Los Angeles
Office Supplies,Los Angeles,United States,CV-128054,Cynthia Voltz,North America - US,2/19/2014,CA-2014-164707,High,OFF-LA-10004345,Avery 493,4.8118,2,10,Corporate,2/22/2014,Second Class,2.16,California,Labels,8,3,North America - US - West,February,1,2014,Low Sales,North America - US|United States|North America - US - West|California|Los Angeles
Office Supplies,Los Angeles,United States,BT-115304,Bradley Talbott,North America - US,2/27/2014,CA-2014-117212,Medium,OFF-AP-10004532,Kensington 6 Outlet Guardian Standard Surge Protector,22.1184,4,82,Home Office,3/1/2014,Second Class,9.84,California,Appliances,9,2,North America - US - West,February,1,2014,Low Sales,North America - US|United States|North America - US - West|California|Los Angeles
Office Supplies,Los Angeles,United States,JK-153254,Jason Klamczynski,North America - US,3/19/2014,CA-2014-122007,Medium,OFF-AP-10000358,Fellowes Basic Home/Office Series Surge Protectors,26.3494,7,91,Corporate,3/21/2014,Second Class,6.89,California,Appliances,12,2,North America - US - West,March,1,2014,Low Sales,North America - US|United States|North America - US - West|California|Los Angeles
Office Supplies,Los Angeles,United States,SC-207254,Steven Cartwright,North America - US,3/22/2014,CA-2014-108539,High,OFF-ST-10003208,Adjustable Depth Letter/Legal Cart,210.4936,4,726,Consumer,3/24/2014,Second Class,58.05,California,Storage,12,2,North America - US - West,March,1,2014,High Sales,North America - US|United States|North America - US - West|California|Los Angeles
Office Supplies,Los Angeles,United States,DB-129703,Darren Budd,North America - US,5/4/2014,CA-2014-132178,Medium,OFF-ST-10000025,Fellowes Stor/Drawer Steel Plus Storage Drawers,45.8064,8,763,Corporate,5/9/2014,Second Class,50.46,California,Storage,19,5,North America - US - West,May,2,2014,High Sales,North America - US|United States|North America - US - West|California|Los Angeles
Office Supplies,Los Angeles,United States,DB-129703,Darren Budd,North America - US,5/4/2014,CA-2014-132178,Medium,OFF-ST-10000464,"Multi-Use Personal File Cart and Caster Set, Three Stacking Bins",19.4656,2,70,Corporate,5/9/2014,Second Class,4.22,California,Storage,19,5,North America - US - West,May,2,2014,Low Sales,North America - US|United States|North America - US - West|California|Los Angeles
Office Supplies,Los Angeles,United States,MT-180704,Michelle Tran,North America - US,6/11/2014,CA-2014-140963,High,OFF-LA-10003923,Alphabetical Labels for Top Tab Filing,14.8,2,30,Home Office,6/14/2014,First Class,3.12,California,Labels,24,3,North America - US - West,June,2,2014,Low Sales,North America - US|United States|North America - US - West|California|Los Angeles
Office Supplies,Los Angeles,United States,ZD-219254,Zuschuss Donatelli,North America - US,6/12/2014,CA-2014-141481,High,OFF-AP-10004532,Kensington 6 Outlet Guardian Standard Surge Protector,16.5888,3,61,Consumer,6/15/2014,First Class,8.47,California,Appliances,24,3,North America - US - West,June,2,2014,Low Sales,North America - US|United States|North America - US - West|California|Los Angeles
Office Supplies,Los Angeles,United States,WB-218504,William Brown,North America - US,6/30/2014,CA-2014-138149,High,OFF-ST-10002974,"Trav-L-File Heavy-Duty Shuttle II, Black",39.213,3,131,Consumer,7/1/2014,First Class,34.83,California,Storage,27,1,North America - US - West,June,2,2014,Medium Sales,North America - US|United States|North America - US - West|California|Los Angeles
Office Supplies,Los Angeles,United States,GA-145154,George Ashbrook,North America - US,8/4/2014,US-2014-143175,Medium,OFF-ST-10003123,Fellowes Bases and Tops For Staxonsteel/High-Stak Systems,23.9688,3,100,Consumer,8/7/2014,Second Class,3.05,California,Storage,32,3,North America - US - West,August,3,2014,Medium Sales,North America - US|United States|North America - US - West|California|Los Angeles
Office Supplies,Los Angeles,United States,MH-172904,Marc Harrigan,North America - US,9/3/2014,CA-2014-169327,High,OFF-AP-10001492,"Acco Six-Outlet Power Strip, 4' Cord Length",11.206,5,43,Home Office,9/5/2014,Second Class,3.94,California,Appliances,36,2,North America - US - West,September,3,2014,Low Sales,North America - US|United States|North America - US - West|California|Los Angeles
Office Supplies,Los Angeles,United States,JB-160004,Joy Bell-,North America - US,9/15/2014,US-2014-157224,Medium,OFF-LA-10000121,Avery 48,26.082,9,57,Consumer,9/19/2014,Second Class,2.1,California,Labels,38,4,North America - US - West,September,3,2014,Low Sales,North America - US|United States|North America - US - West|California|Los Angeles
Office Supplies,Los Angeles,United States,BM-115754,Brendan Murry,North America - US,9/22/2014,CA-2014-165155,Critical,OFF-ST-10004950,"Tenex Personal Filing Tote With Secure Closure Lid, Black/Frost",3.8775,1,16,Corporate,9/24/2014,First Class,4.31,California,Storage,39,2,North America - US - West,September,3,2014,Low Sales,North America - US|United States|North America - US - West|California|Los Angeles
Office Supplies,Los Angeles,United States,AM-103604,Alice McCarthy,North America - US,12/3/2014,CA-2014-109701,High,OFF-AP-10002765,Fellowes Advanced Computer Series Surge Protectors,22.2516,3,79,Corporate,12/4/2014,Same Day,8.23,California,Appliances,49,1,North America - US - West,December,4,2014,Low Sales,North America - US|United States|North America - US - West|California|Los Angeles
Office Supplies,Los Angeles,United States,AT-104354,Alyssa Tate,North America - US,12/10/2014,CA-2014-102407,Medium,OFF-AP-10001394,Harmony Air Purifier,68.04,1,189,Home Office,12/14/2014,Second Class,14.17,California,Appliances,50,4,North America - US - West,December,4,2014,Medium Sales,North America - US|United States|North America - US - West|California|Los Angeles
Office Supplies,Los Angeles,United States,RB-194654,Rick Bensley,North America - US,12/17/2014,CA-2014-161578,High,OFF-ST-10002289,"Safco Wire Cube Shelving System, For Use as 4 or 5 14"" Cubes, Black",7.945,5,159,Home Office,12/22/2014,Second Class,15.27,California,Storage,51,5,North America - US - West,December,4,2014,Medium Sales,North America - US|United States|North America - US - West|California|Los Angeles
Office Supplies,Los Angeles,United States,JL-158354,John Lee,North America - US,4/18/2011,CA-2011-110849,High,OFF-FA-10000134,"Advantus Push Pins, Aluminum Head",3.6022,2,12,Consumer,4/23/2011,Standard Class,0.96,California,Fasteners,17,5,North America - US - West,April,2,2011,Low Sales,North America - US|United States|North America - US - West|California|Los Angeles
Office Supplies,Los Angeles,United States,MH-172904,Marc Harrigan,North America - US,4/26/2011,CA-2011-116785,High,OFF-LA-10000305,Avery 495,5.796,2,13,Home Office,4/30/2011,Standard Class,1.8,California,Labels,18,4,North America - US - West,April,2,2011,Low Sales,North America - US|United States|North America - US - West|California|Los Angeles
Office Supplies,Los Angeles,United States,GH-144104,Gary Hansen,North America - US,7/9/2011,CA-2011-114125,High,OFF-LA-10004559,Avery 49,1.4112,1,3,Home Office,7/13/2011,Standard Class,0.47,California,Labels,28,4,North America - US - West,July,3,2011,Low Sales,North America - US|United States|North America - US - West|California|Los Angeles
Office Supplies,Los Angeles,United States,GH-144104,Gary Hansen,North America - US,7/9/2011,CA-2011-114125,High,OFF-ST-10001505,"Perma STOR-ALL Hanging File Box, 13 1/8""W x 12 1/4""D x 10 1/2""H",4.0664,4,24,Home Office,7/13/2011,Standard Class,1.7,California,Storage,28,4,North America - US - West,July,3,2011,Low Sales,North America - US|United States|North America - US - West|California|Los Angeles
Office Supplies,Los Angeles,United States,BF-111704,Ben Ferrer,North America - US,7/12/2011,CA-2011-110184,High,OFF-ST-10000107,Fellowes Super Stor/Drawer,44.955,9,250,Home Office,7/16/2011,Standard Class,52.56,California,Storage,29,4,North America - US - West,July,3,2011,Medium Sales,North America - US|United States|North America - US - West|California|Los Angeles
Office Supplies,Los Angeles,United States,JM-152654,Janet Molinari,North America - US,8/25/2011,CA-2011-104178,High,OFF-ST-10004258,Portable Personal File Box,13.1868,4,49,Corporate,8/29/2011,Standard Class,3.81,California,Storage,35,4,North America - US - West,August,3,2011,Low Sales,North America - US|United States|North America - US - West|California|Los Angeles
Office Supplies,Los Angeles,United States,AP-109154,Arthur Prichep,North America - US,9/29/2011,CA-2011-146969,High,OFF-FA-10001561,Stockwell Push Pins,2.8776,4,9,Consumer,10/3/2011,Standard Class,1.29,California,Fasteners,40,4,North America - US - West,September,3,2011,Low Sales,North America - US|United States|North America - US - West|California|Los Angeles
Office Supplies,Los Angeles,United States,AP-109154,Arthur Prichep,North America - US,9/29/2011,CA-2011-146969,High,OFF-ST-10004340,"Fellowes Mobile File Cart, Black",16.7886,1,62,Consumer,10/3/2011,Standard Class,5.67,California,Storage,40,4,North America - US - West,September,3,2011,Low Sales,North America - US|United States|North America - US - West|California|Los Angeles
Office Supplies,Los Angeles,United States,GG-146504,Greg Guthrie,North America - US,10/31/2011,CA-2011-106439,High,OFF-FA-10002975,Staples,5.2164,3,11,Corporate,11/4/2011,Standard Class,1.2,California,Fasteners,45,4,North America - US - West,October,4,2011,Low Sales,North America - US|United States|North America - US - West|California|Los Angeles
Office Supplies,Los Angeles,United States,GG-146504,Greg Guthrie,North America - US,10/31/2011,CA-2011-106439,High,OFF-ST-10003996,"Letter/Legal File Tote with Clear Snap-On Lid, Black Granite",20.878,5,80,Corporate,11/4/2011,Standard Class,15.67,California,Storage,45,4,North America - US - West,October,4,2011,Low Sales,North America - US|United States|North America - US - West|California|Los Angeles
Office Supplies,Los Angeles,United States,GG-146504,Greg Guthrie,North America - US,10/31/2011,CA-2011-106439,High,OFF-ST-10001963,Tennsco Regal Shelving Units,12.1692,4,406,Corporate,11/4/2011,Standard Class,18.82,California,Storage,45,4,North America - US - West,October,4,2011,Medium Sales,North America - US|United States|North America - US - West|California|Los Angeles
Office Supplies,Los Angeles,United States,RD-195854,Rob Dowd,North America - US,2/16/2012,CA-2012-121776,High,OFF-LA-10002762,Avery 485,41.2237,7,88,Consumer,2/21/2012,Standard Class,9.83,California,Labels,7,5,North America - US - West,February,1,2012,Low Sales,North America - US|United States|North America - US - West|California|Los Angeles
Office Supplies,Los Angeles,United States,BT-113954,Bill Tyler,North America - US,4/13/2012,US-2012-120502,Low,OFF-AP-10004980,3M Replacement Filter for Office Air Cleaner for 20' x 33' Room,29.5776,2,76,Corporate,4/19/2012,Standard Class,8.99,California,Appliances,15,6,North America - US - West,April,2,2012,Low Sales,North America - US|United States|North America - US - West|California|Los Angeles
Office Supplies,Los Angeles,United States,LS-169454,Linda Southworth,North America - US,4/25/2012,CA-2012-115420,Low,OFF-EN-10003862,Laser & Ink Jet Business Envelopes,9.8164,2,21,Corporate,5/2/2012,Standard Class,2.31,California,Envelopes,17,7,North America - US - West,April,2,2012,Low Sales,North America - US|United States|North America - US - West|California|Los Angeles
Office Supplies,Los Angeles,United States,HG-150254,Hunter Glantz,North America - US,5/14/2012,CA-2012-165162,Low,OFF-ST-10003470,"Tennsco Snap-Together Open Shelving Units, Starter Sets and Add-On Units",55.896,4,1118,Consumer,5/21/2012,Standard Class,137.93,California,Storage,20,7,North America - US - West,May,2,2012,High Sales,North America - US|United States|North America - US - West|California|Los Angeles
Office Supplies,Los Angeles,United States,SB-201854,Sarah Brown,North America - US,5/22/2012,CA-2012-149846,High,OFF-LA-10004484,Avery 476,3.7996,2,8,Consumer,5/26/2012,Standard Class,0.8,California,Labels,21,4,North America - US - West,May,2,2012,Low Sales,North America - US|United States|North America - US - West|California|Los Angeles
Office Supplies,Los Angeles,United States,SB-201854,Sarah Brown,North America - US,5/22/2012,CA-2012-149846,High,OFF-ST-10002406,Pizazz Global Quick File,29.3412,7,105,Consumer,5/26/2012,Standard Class,13.18,California,Storage,21,4,North America - US - West,May,2,2012,Medium Sales,North America - US|United States|North America - US - West|California|Los Angeles
Office Supplies,Los Angeles,United States,CC-121454,Charles Crestani,North America - US,9/10/2012,CA-2012-132906,High,OFF-SU-10004498,Martin-Yale Premier Letter Opener,1.5456,4,52,Consumer,9/14/2012,Standard Class,7.75,California,Supplies,37,4,North America - US - West,September,3,2012,Low Sales,North America - US|United States|North America - US - West|California|Los Angeles
Office Supplies,Los Angeles,United States,AM-107054,Anne McFarland,North America - US,9/25/2012,CA-2012-100573,Low,OFF-EN-10000461,"#10- 4 1/8"" x 9 1/2"" Recycled Envelopes",8.2156,2,17,Consumer,10/1/2012,Standard Class,1.73,California,Envelopes,39,6,North America - US - West,September,3,2012,Low Sales,North America - US|United States|North America - US - West|California|Los Angeles
Office Supplies,Los Angeles,United States,YS-218804,Yana Sorensen,North America - US,12/8/2012,CA-2012-129532,High,OFF-ST-10004186,"Stur-D-Stor Shelving, Vertical 5-Shelf: 72""H x 36""W x 18 1/2""D",4.4392,2,222,Corporate,12/12/2012,Standard Class,43.34,California,Storage,49,4,North America - US - West,December,4,2012,Medium Sales,North America - US|United States|North America - US - West|California|Los Angeles
Office Supplies,Los Angeles,United States,AG-109004,Arthur Gainer,North America - US,12/27/2012,CA-2012-148376,High,OFF-AP-10000240,Belkin F9G930V10-GRY 9 Outlet Surge,31.0184,2,107,Consumer,12/31/2012,Standard Class,11.51,California,Appliances,52,4,North America - US - West,December,4,2012,Medium Sales,North America - US|United States|North America - US - West|California|Los Angeles
Office Supplies,Los Angeles,United States,AG-109004,Arthur Gainer,North America - US,12/27/2012,CA-2012-148376,High,OFF-LA-10002381,Avery 497,10.3488,7,22,Consumer,12/31/2012,Standard Class,4.27,California,Labels,52,4,North America - US - West,December,4,2012,Low Sales,North America - US|United States|North America - US - West|California|Los Angeles
Office Supplies,Los Angeles,United States,LC-171404,Logan Currie,North America - US,4/9/2013,CA-2013-130477,High,OFF-ST-10002583,Fellowes Neat Ideas Storage Cubes,2.5984,2,65,Consumer,4/13/2013,Standard Class,7.09,California,Storage,15,4,North America - US - West,April,2,2013,Low Sales,North America - US|United States|North America - US - West|California|Los Angeles
Office Supplies,Los Angeles,United States,AH-106904,Anna Häberlin,North America - US,5/20/2013,CA-2013-138282,High,OFF-AP-10001366,Staples,23.7168,8,88,Corporate,5/24/2013,Standard Class,7.92,California,Appliances,21,4,North America - US - West,May,2,2013,Low Sales,North America - US|United States|North America - US - West|California|Los Angeles
Office Supplies,Los Angeles,United States,CL-125654,Clay Ludtke,North America - US,5/29/2013,CA-2013-134803,Low,OFF-AP-10000891,Kensington 7 Outlet MasterPiece HOMEOFFICE Power Control Center,78.672,2,262,Consumer,6/4/2013,Standard Class,26.48,California,Appliances,22,6,North America - US - West,May,2,2013,Medium Sales,North America - US|United States|North America - US - West|California|Los Angeles
Office Supplies,Los Angeles,United States,BD-113204,Bill Donatelli,North America - US,8/16/2013,CA-2013-167241,Low,OFF-ST-10001505,"Perma STOR-ALL Hanging File Box, 13 1/8""W x 12 1/4""D x 10 1/2""H",3.0498,3,18,Consumer,8/23/2013,Standard Class,2.88,California,Storage,33,7,North America - US - West,August,3,2013,Low Sales,North America - US|United States|North America - US - West|California|Los Angeles
Office Supplies,Los Angeles,United States,JH-159104,Jonathan Howell,North America - US,10/29/2013,CA-2013-130162,High,OFF-ST-10001328,"Personal Filing Tote with Lid, Black/Gray",26.0568,6,93,Consumer,11/2/2013,Standard Class,6.35,California,Storage,44,4,North America - US - West,October,4,2013,Low Sales,North America - US|United States|North America - US - West|California|Los Angeles
Office Supplies,Los Angeles,United States,TC-215354,Tracy Collins,North America - US,11/19/2013,CA-2013-166226,High,OFF-AP-10002867,Fellowes Command Center 5-outlet power strip,18.3168,1,68,Home Office,11/23/2013,Standard Class,6.48,California,Appliances,47,4,North America - US - West,November,4,2013,Low Sales,North America - US|United States|North America - US - West|California|Los Angeles
Office Supplies,Los Angeles,United States,HG-149654,Henry Goldwyn,North America - US,12/19/2013,CA-2013-145919,High,OFF-SU-10003505,Premier Electric Letter Opener,28.965,5,579,Corporate,12/24/2013,Standard Class,53.83,California,Supplies,51,5,North America - US - West,December,4,2013,High Sales,North America - US|United States|North America - US - West|California|Los Angeles
Office Supplies,Los Angeles,United States,SB-201704,Sarah Bern,North America - US,2/10/2014,CA-2014-145807,High,OFF-ST-10001370,Sensible Storage WireTech Storage Systems,17.745,5,355,Consumer,2/14/2014,Standard Class,48.88,California,Storage,7,4,North America - US - West,February,1,2014,Medium Sales,North America - US|United States|North America - US - West|California|Los Angeles
Office Supplies,Los Angeles,United States,KD-166154,Ken Dana,North America - US,3/17/2014,CA-2014-129294,High,OFF-AP-10001154,Bionaire Personal Warm Mist Humidifier/Vaporizer,54.8613,3,141,Corporate,3/22/2014,Standard Class,14.92,California,Appliances,12,5,North America - US - West,March,1,2014,Medium Sales,North America - US|United States|North America - US - West|California|Los Angeles
Office Supplies,Los Angeles,United States,KD-166154,Ken Dana,North America - US,3/17/2014,CA-2014-129294,High,OFF-ST-10002615,"Dual Level, Single-Width Filing Carts",80.6312,2,310,Corporate,3/22/2014,Standard Class,26.14,California,Storage,12,5,North America - US - West,March,1,2014,Medium Sales,North America - US|United States|North America - US - West|California|Los Angeles
Office Supplies,Los Angeles,United States,HG-149654,Henry Goldwyn,North America - US,4/1/2014,US-2014-160143,Low,OFF-SU-10004231,Acme Tagit Stainless Steel Antibacterial Scissors,8.019,3,30,Corporate,4/8/2014,Standard Class,4.08,California,Supplies,14,7,North America - US - West,April,2,2014,Low Sales,North America - US|United States|North America - US - West|California|Los Angeles
Office Supplies,Los Angeles,United States,KN-163904,Katherine Nockton,North America - US,7/12/2014,CA-2014-164959,High,OFF-LA-10004272,Avery 482,4.0749,3,9,Corporate,7/16/2014,Standard Class,1.11,California,Labels,28,4,North America - US - West,July,3,2014,Low Sales,North America - US|United States|North America - US - West|California|Los Angeles
Office Supplies,Los Angeles,United States,RA-192854,Ralph Arnett,North America - US,9/5/2014,CA-2014-141929,High,OFF-ST-10002974,"Trav-L-File Heavy-Duty Shuttle II, Black",65.355,5,218,Consumer,9/9/2014,Standard Class,26.6,California,Storage,36,4,North America - US - West,September,3,2014,Medium Sales,North America - US|United States|North America - US - West|California|Los Angeles
Office Supplies,Los Angeles,United States,KD-164954,Keith Dawkins,North America - US,9/10/2014,CA-2014-100825,High,OFF-ST-10003123,Fellowes Bases and Tops For Staxonsteel/High-Stak Systems,23.9688,3,100,Corporate,9/15/2014,Standard Class,10.94,California,Storage,37,5,North America - US - West,September,3,2014,Medium Sales,North America - US|United States|North America - US - West|California|Los Angeles
Office Supplies,Los Angeles,United States,PV-189854,Paul Van Hugh,North America - US,10/3/2014,CA-2014-105914,Low,OFF-ST-10003716,Tennsco Double-Tier Lockers,204.7682,7,1575,Home Office,10/9/2014,Standard Class,127.15,California,Storage,40,6,North America - US - West,October,4,2014,High Sales,North America - US|United States|North America - US - West|California|Los Angeles
Office Supplies,Los Angeles,United States,KE-164204,Katrina Edelman,North America - US,4/3/2011,CA-2011-112291,Medium,OFF-EN-10001415,Staples,5.58,2,11,Corporate,4/8/2011,Standard Class,0.24,California,Envelopes,15,5,North America - US - West,April,2,2011,Low Sales,North America - US|United States|North America - US - West|California|Los Angeles
Office Supplies,Los Angeles,United States,SN-207104,Steve Nguyen,North America - US,5/6/2011,US-2011-154879,Medium,OFF-LA-10004425,Staples,2.7166,2,6,Home Office,5/11/2011,Standard Class,0.33,California,Labels,19,5,North America - US - West,May,2,2011,Low Sales,North America - US|United States|North America - US - West|California|Los Angeles
Office Supplies,Los Angeles,United States,BH-117104,Brosina Hoffman,North America - US,6/9/2011,CA-2011-115812,Medium,OFF-AP-10002892,Belkin F5C206VTEL 6 Outlet Surge,34.47,5,115,Consumer,6/14/2011,Standard Class,8.23,California,Appliances,24,5,North America - US - West,June,2,2011,Medium Sales,North America - US|United States|North America - US - West|California|Los Angeles
Office Supplies,Los Angeles,United States,MA-179954,Michelle Arnett,North America - US,9/20/2011,CA-2011-133704,Medium,OFF-AP-10001366,Staples,11.8584,4,44,Home Office,9/26/2011,Standard Class,1.65,California,Appliances,39,6,North America - US - West,September,3,2011,Low Sales,North America - US|United States|North America - US - West|California|Los Angeles
Office Supplies,Los Angeles,United States,PL-189254,Paul Lucas,North America - US,11/1/2011,CA-2011-168305,Medium,OFF-LA-10003498,Avery 475,22.2,3,44,Home Office,11/8/2011,Standard Class,2.77,California,Labels,45,7,North America - US - West,November,4,2011,Low Sales,North America - US|United States|North America - US - West|California|Los Angeles
Office Supplies,Los Angeles,United States,RL-196154,Rob Lucas,North America - US,12/5/2011,CA-2011-133830,Medium,OFF-FA-10002280,Advantus Plastic Paper Clips,7.2,3,15,Consumer,12/10/2011,Standard Class,1.15,California,Fasteners,50,5,North America - US - West,December,4,2011,Low Sales,North America - US|United States|North America - US - West|California|Los Angeles
Office Supplies,Los Angeles,United States,JC-161054,Julie Creighton,North America - US,12/24/2011,US-2011-167738,Medium,OFF-ST-10003306,Letter Size Cart,41.4294,1,143,Corporate,12/29/2011,Standard Class,10.28,California,Storage,52,5,North America - US - West,December,4,2011,Medium Sales,North America - US|United States|North America - US - West|California|Los Angeles
Office Supplies,Los Angeles,United States,BF-111704,Ben Ferrer,North America - US,12/24/2011,US-2011-138247,Medium,OFF-AP-10000828,Avanti 4.4 Cu. Ft. Refrigerator,101.3488,2,362,Home Office,12/29/2011,Standard Class,26.47,California,Appliances,52,5,North America - US - West,December,4,2011,Medium Sales,North America - US|United States|North America - US - West|California|Los Angeles
Office Supplies,Los Angeles,United States,BF-111704,Ben Ferrer,North America - US,12/24/2011,US-2011-138247,Medium,OFF-ST-10002301,Tennsco Commercial Shelving,0.2034,1,20,Home Office,12/29/2011,Standard Class,1.27,California,Storage,52,5,North America - US - West,December,4,2011,Low Sales,North America - US|United States|North America - US - West|California|Los Angeles
Office Supplies,Los Angeles,United States,AB-106004,Ann Blume,North America - US,2/18/2012,CA-2012-111234,Medium,OFF-LA-10002271,Smead Alpha-Z Color-Coded Second Alphabetical Labels and Starter Set,4.4352,3,9,Corporate,2/22/2012,Standard Class,0.7,California,Labels,7,4,North America - US - West,February,1,2012,Low Sales,North America - US|United States|North America - US - West|California|Los Angeles
Office Supplies,Los Angeles,United States,LH-171554,Logan Haushalter,North America - US,6/19/2012,CA-2012-121965,Medium,OFF-EN-10000056,Cameo Buff Policy Envelopes,87.7443,3,187,Consumer,6/23/2012,Standard Class,5.15,California,Envelopes,25,4,North America - US - West,June,2,2012,Medium Sales,North America - US|United States|North America - US - West|California|Los Angeles
Office Supplies,Los Angeles,United States,AB-101654,Alan Barnes,North America - US,6/25/2012,CA-2012-115945,Medium,OFF-ST-10001963,Tennsco Regal Shelving Units,9.1269,3,304,Consumer,7/1/2012,Standard Class,11.27,California,Storage,26,6,North America - US - West,June,2,2012,Medium Sales,North America - US|United States|North America - US - West|California|Los Angeles
Office Supplies,Los Angeles,United States,TT-212654,Tim Taslimi,North America - US,8/15/2012,CA-2012-162369,Medium,OFF-ST-10000046,Fellowes Super Stor/Drawer Files,61.389,2,323,Corporate,8/19/2012,Standard Class,18.13,California,Storage,33,4,North America - US - West,August,3,2012,Medium Sales,North America - US|United States|North America - US - West|California|Los Angeles
Office Supplies,Los Angeles,United States,NL-183104,Nancy Lomonaco,North America - US,8/25/2012,US-2012-139759,Medium,OFF-AP-10002765,Fellowes Advanced Computer Series Surge Protectors,29.6688,4,106,Home Office,8/30/2012,Standard Class,6.04,California,Appliances,34,5,North America - US - West,August,3,2012,Medium Sales,North America - US|United States|North America - US - West|California|Los Angeles
Office Supplies,Los Angeles,United States,CB-120254,Cassandra Brandow,North America - US,8/28/2012,CA-2012-121188,Medium,OFF-ST-10000736,Carina Double Wide Media Storage Towers in Natural & Black,29.1528,9,729,Consumer,9/4/2012,Standard Class,48.16,California,Storage,35,7,North America - US - West,August,3,2012,High Sales,North America - US|United States|North America - US - West|California|Los Angeles
Office Supplies,Los Angeles,United States,CB-120254,Cassandra Brandow,North America - US,8/28/2012,CA-2012-121188,Medium,OFF-ST-10001490,"Hot File 7-Pocket, Floor Stand",267.705,5,892,Consumer,9/4/2012,Standard Class,85.38,California,Storage,35,7,North America - US - West,August,3,2012,High Sales,North America - US|United States|North America - US - West|California|Los Angeles
Office Supplies,Los Angeles,United States,GB-145304,George Bell,North America - US,9/18/2012,CA-2012-167745,Medium,OFF-SU-10004782,"Elite 5"" Scissors",5.07,2,17,Corporate,9/23/2012,Standard Class,0.77,California,Supplies,38,5,North America - US - West,September,3,2012,Low Sales,North America - US|United States|North America - US - West|California|Los Angeles
Office Supplies,Los Angeles,United States,SC-204404,Shaun Chance,North America - US,9/24/2012,CA-2012-103835,Medium,OFF-AP-10002651,Hoover Upright Vacuum With Dirt Cup,335.8548,4,1158,Corporate,9/28/2012,Standard Class,56.16,California,Appliances,39,4,North America - US - West,September,3,2012,High Sales,North America - US|United States|North America - US - West|California|Los Angeles
Office Supplies,Los Angeles,United States,RP-198554,Roy Phan,North America - US,9/28/2012,CA-2012-129546,Medium,OFF-AP-10002495,"Acco Smartsocket Table Surge Protector, 6 Color-Coded Adapter Outlets",55.845,3,186,Corporate,10/5/2012,Standard Class,12.14,California,Appliances,39,7,North America - US - West,September,3,2012,Medium Sales,North America - US|United States|North America - US - West|California|Los Angeles
Office Supplies,Los Angeles,United States,RP-198554,Roy Phan,North America - US,9/28/2012,CA-2012-129546,Medium,OFF-SU-10004884,Acme Galleria Hot Forged Steel Scissors with Colored Handles,13.6851,3,47,Corporate,10/5/2012,Standard Class,3.51,California,Supplies,39,7,North America - US - West,September,3,2012,Low Sales,North America - US|United States|North America - US - West|California|Los Angeles
Office Supplies,Los Angeles,United States,RM-196754,Robert Marley,North America - US,10/19/2012,CA-2012-160171,Medium,OFF-AP-10000275,"Sanyo Counter Height Refrigerator with Crisper, 3.6 Cubic Foot, Stainless Steel/Black",459.396,5,1641,Home Office,10/24/2012,Standard Class,99.85,California,Appliances,42,5,North America - US - West,October,4,2012,High Sales,North America - US|United States|North America - US - West|California|Los Angeles
Office Supplies,Los Angeles,United States,TS-213404,Toby Swindell,North America - US,11/24/2012,CA-2012-153416,Medium,OFF-ST-10000060,Fellowes Bankers Box Staxonsteel Drawer File/Stacking System,54.5832,7,455,Consumer,11/29/2012,Standard Class,42.98,California,Storage,47,5,North America - US - West,November,4,2012,Medium Sales,North America - US|United States|North America - US - West|California|Los Angeles
Office Supplies,Los Angeles,United States,GB-145304,George Bell,North America - US,12/5/2012,CA-2012-149566,Medium,OFF-LA-10000452,Avery 488,6.048,4,13,Corporate,12/10/2012,Standard Class,0.48,California,Labels,49,5,North America - US - West,December,4,2012,Low Sales,North America - US|United States|North America - US - West|California|Los Angeles
Office Supplies,Los Angeles,United States,KT-164654,Kean Takahito,North America - US,12/24/2012,CA-2012-158456,Medium,OFF-FA-10004854,"Vinyl Coated Wire Paper Clips in Organizer Box, 800/Box",21.5824,4,46,Consumer,12/29/2012,Standard Class,0.38,California,Fasteners,52,5,North America - US - West,December,4,2012,Low Sales,North America - US|United States|North America - US - West|California|Los Angeles
Office Supplies,Los Angeles,United States,CL-125654,Clay Ludtke,North America - US,12/30/2012,CA-2012-135580,Medium,OFF-EN-10003296,Tyvek Side-Opening Peel & Seel Expanding Envelopes,122.148,3,271,Consumer,1/3/2013,Standard Class,16.48,California,Envelopes,53,4,North America - US - West,December,4,2012,Medium Sales,North America - US|United States|North America - US - West|California|Los Angeles
Office Supplies,Los Angeles,United States,CL-125654,Clay Ludtke,North America - US,12/30/2012,CA-2012-135580,Medium,OFF-ST-10000798,2300 Heavy-Duty Transfer File Systems by Perma,14.2386,3,75,Consumer,1/3/2013,Standard Class,4.91,California,Storage,53,4,North America - US - West,December,4,2012,Low Sales,North America - US|United States|North America - US - West|California|Los Angeles
Office Supplies,Los Angeles,United States,JB-154004,Jennifer Braxton,North America - US,2/4/2013,CA-2013-101189,Medium,OFF-ST-10004180,Safco Commercial Shelving,3.7208,2,93,Corporate,2/9/2013,Standard Class,6.61,California,Storage,6,5,North America - US - West,February,1,2013,Low Sales,North America - US|United States|North America - US - West|California|Los Angeles
Office Supplies,Los Angeles,United States,TZ-215804,Tracy Zic,North America - US,2/22/2013,US-2013-143280,Medium,OFF-FA-10000992,"Acco Clips to Go Binder Clips, 24 Clips in Two Sizes",5.0055,3,11,Consumer,2/26/2013,Standard Class,1.21,California,Fasteners,8,4,North America - US - West,February,1,2013,Low Sales,North America - US|United States|North America - US - West|California|Los Angeles
Office Supplies,Los Angeles,United States,BF-110054,Barry Franz,North America - US,5/6/2013,CA-2013-137729,Medium,OFF-ST-10001505,"Perma STOR-ALL Hanging File Box, 13 1/8""W x 12 1/4""D x 10 1/2""H",1.0166,1,6,Home Office,5/10/2013,Standard Class,0.24,California,Storage,19,4,North America - US - West,May,2,2013,Low Sales,North America - US|United States|North America - US - West|California|Los Angeles
Office Supplies,Los Angeles,United States,RB-197954,Ross Baird,North America - US,6/7/2013,US-2013-155971,Medium,OFF-LA-10000452,Avery 488,10.584,7,22,Home Office,6/13/2013,Standard Class,1.72,California,Labels,23,6,North America - US - West,June,2,2013,Low Sales,North America - US|United States|North America - US - West|California|Los Angeles
Office Supplies,Los Angeles,United States,OT-187304,Olvera Toch,North America - US,6/11/2013,CA-2013-113243,Medium,OFF-LA-10001297,Avery 473,9.936,2,21,Consumer,6/16/2013,Standard Class,0.9,California,Labels,24,5,North America - US - West,June,2,2013,Low Sales,North America - US|United States|North America - US - West|California|Los Angeles
Office Supplies,Los Angeles,United States,AS-102404,Alan Shonely,North America - US,6/26/2013,CA-2013-118913,Medium,OFF-AP-10000692,Fellowes Mighty 8 Compact Surge Protector,17.0268,3,61,Consumer,6/30/2013,Standard Class,4.29,California,Appliances,26,4,North America - US - West,June,2,2013,Low Sales,North America - US|United States|North America - US - West|California|Los Angeles
Office Supplies,Los Angeles,United States,RA-198854,Ruben Ausman,North America - US,7/18/2013,CA-2013-101343,Medium,OFF-ST-10003479,"Eldon Base for stackable storage shelf, platinum",3.894,2,78,Corporate,7/23/2013,Standard Class,4.31,California,Storage,29,5,North America - US - West,July,3,2013,Low Sales,North America - US|United States|North America - US - West|California|Los Angeles
Office Supplies,Los Angeles,United States,KM-166604,Khloe Miller,North America - US,7/29/2013,CA-2013-140046,Medium,OFF-LA-10000305,Avery 495,8.694,3,19,Consumer,8/4/2013,Standard Class,1.24,California,Labels,31,6,North America - US - West,July,3,2013,Low Sales,North America - US|United States|North America - US - West|California|Los Angeles
Office Supplies,Los Angeles,United States,CA-120554,Cathy Armstrong,North America - US,8/9/2013,CA-2013-107328,Medium,OFF-AP-10004487,Kensington 4 Outlet MasterPiece Compact Power Control Center,136.6176,6,488,Home Office,8/16/2013,Standard Class,36.22,California,Appliances,32,7,North America - US - West,August,3,2013,Medium Sales,North America - US|United States|North America - US - West|California|Los Angeles
Office Supplies,Los Angeles,United States,LR-169154,Lena Radford,North America - US,9/3/2013,CA-2013-126732,Medium,OFF-ST-10000321,Akro Stacking Bins,0.9468,3,24,Consumer,9/7/2013,Standard Class,1.34,California,Storage,36,4,North America - US - West,September,3,2013,Low Sales,North America - US|United States|North America - US - West|California|Los Angeles
Office Supplies,Los Angeles,United States,EH-137654,Edward Hooks,North America - US,9/25/2013,CA-2013-100944,Medium,OFF-EN-10001453,"Tyvek Interoffice Envelopes, 9 1/2"" x 12 1/2"", 100/Box",143.303,5,305,Corporate,9/29/2013,Standard Class,14.71,California,Envelopes,39,4,North America - US - West,September,3,2013,Medium Sales,North America - US|United States|North America - US - West|California|Los Angeles
Office Supplies,Los Angeles,United States,CS-119504,Carlos Soltero,North America - US,10/22/2013,CA-2013-161746,Medium,OFF-ST-10002743,SAFCO Boltless Steel Shelving,3.4092,3,341,Consumer,10/28/2013,Standard Class,29.78,California,Storage,43,6,North America - US - West,October,4,2013,Medium Sales,North America - US|United States|North America - US - West|California|Los Angeles
Office Supplies,Los Angeles,United States,JD-158954,Jonathan Doherty,North America - US,11/1/2013,CA-2013-144218,Medium,OFF-ST-10002615,"Dual Level, Single-Width Filing Carts",282.2092,7,1085,Corporate,11/5/2013,Standard Class,64.42,California,Storage,44,4,North America - US - West,November,4,2013,High Sales,North America - US|United States|North America - US - West|California|Los Angeles
Office Supplies,Los Angeles,United States,XP-218654,Xylona Preis,North America - US,11/4/2013,CA-2013-109365,Medium,OFF-AP-10002998,Holmes 99% HEPA Air Purifier,14.2956,2,43,Consumer,11/9/2013,Standard Class,4.21,California,Appliances,45,5,North America - US - West,November,4,2013,Low Sales,North America - US|United States|North America - US - West|California|Los Angeles
Office Supplies,Los Angeles,United States,XP-218654,Xylona Preis,North America - US,11/4/2013,CA-2013-109365,Medium,OFF-FA-10001561,Stockwell Push Pins,5.0358,7,15,Consumer,11/9/2013,Standard Class,1.34,California,Fasteners,45,5,North America - US - West,November,4,2013,Low Sales,North America - US|United States|North America - US - West|California|Los Angeles
Office Supplies,Los Angeles,United States,MC-176054,Matt Connell,North America - US,11/21/2013,CA-2013-145492,Medium,OFF-AP-10003622,"Bravo II Megaboss 12-Amp Hard Body Upright, Replacement Belts, 2 Belts per Pack",11.31,12,39,Corporate,11/28/2013,Standard Class,2.35,California,Appliances,47,7,North America - US - West,November,4,2013,Low Sales,North America - US|United States|North America - US - West|California|Los Angeles
Office Supplies,Los Angeles,United States,MS-173654,Maribeth Schnelling,North America - US,11/27/2013,CA-2013-107104,Medium,OFF-AP-10000055,Belkin F9S820V06 8 Outlet Surge,19.488,2,65,Consumer,12/1/2013,Standard Class,3.16,California,Appliances,48,4,North America - US - West,November,4,2013,Low Sales,North America - US|United States|North America - US - West|California|Los Angeles
Office Supplies,Los Angeles,United States,GM-144404,Gary McGarr,North America - US,12/4/2013,CA-2013-161025,Medium,OFF-ST-10001932,Fellowes Staxonsteel Drawer Files,108.1752,4,773,Consumer,12/10/2013,Standard Class,53.32,California,Storage,49,6,North America - US - West,December,4,2013,High Sales,North America - US|United States|North America - US - West|California|Los Angeles
Office Supplies,Los Angeles,United States,AP-107204,Anne Pryor,North America - US,12/7/2013,US-2013-103674,Medium,OFF-FA-10003467,"Alliance Big Bands Rubber Bands, 12/Pack",0,7,14,Home Office,12/11/2013,Standard Class,1.25,California,Fasteners,49,4,North America - US - West,December,4,2013,Low Sales,North America - US|United States|North America - US - West|California|Los Angeles
Office Supplies,Los Angeles,United States,MC-181304,Mike Caudle,North America - US,12/27/2013,CA-2013-129868,Medium,OFF-AP-10004052,"Hoover Replacement Belts For Soft Guard & Commercial Ltweight Upright Vacs, 2/Pk",2.054,2,8,Corporate,1/1/2014,Standard Class,0.54,California,Appliances,52,5,North America - US - West,December,4,2013,Low Sales,North America - US|United States|North America - US - West|California|Los Angeles
Office Supplies,Los Angeles,United States,MC-181304,Mike Caudle,North America - US,12/27/2013,CA-2013-129868,Medium,OFF-SU-10000952,Fiskars Home & Office Scissors,4.9728,2,18,Corporate,1/1/2014,Standard Class,1.23,California,Supplies,52,5,North America - US - West,December,4,2013,Low Sales,North America - US|United States|North America - US - West|California|Los Angeles
Office Supplies,Los Angeles,United States,JL-158354,John Lee,North America - US,2/3/2014,CA-2014-161333,Medium,OFF-AP-10000252,Harmony HEPA Quiet Air Purifiers,16.38,4,47,Consumer,2/8/2014,Standard Class,2.86,California,Appliances,6,5,North America - US - West,February,1,2014,Low Sales,North America - US|United States|North America - US - West|California|Los Angeles
Office Supplies,Los Angeles,United States,JL-158354,John Lee,North America - US,2/3/2014,CA-2014-161333,Medium,OFF-ST-10000464,"Multi-Use Personal File Cart and Caster Set, Three Stacking Bins",38.9312,4,139,Consumer,2/8/2014,Standard Class,7.18,California,Storage,6,5,North America - US - West,February,1,2014,Medium Sales,North America - US|United States|North America - US - West|California|Los Angeles
Office Supplies,Los Angeles,United States,SP-208604,Sung Pak,North America - US,3/5/2014,CA-2014-110478,Medium,OFF-EN-10000483,"White Envelopes, White Envelopes with Clear Poly Window",7.015,1,15,Corporate,3/10/2014,Standard Class,1.53,California,Envelopes,10,5,North America - US - West,March,1,2014,Low Sales,North America - US|United States|North America - US - West|California|Los Angeles
Office Supplies,Los Angeles,United States,BP-110504,Barry Pond,North America - US,3/19/2014,CA-2014-143084,Medium,OFF-EN-10003072,Peel & Seel Envelopes,9.312,5,19,Corporate,3/23/2014,Standard Class,1.76,California,Envelopes,12,4,North America - US - West,March,1,2014,Low Sales,North America - US|United States|North America - US - West|California|Los Angeles
Office Supplies,Los Angeles,United States,GZ-145454,George Zrebassa,North America - US,3/20/2014,CA-2014-140515,Medium,OFF-AP-10001205,Belkin 5 Outlet SurgeMaster Power Centers,106.7808,7,381,Corporate,3/25/2014,Standard Class,21.55,California,Appliances,12,5,North America - US - West,March,1,2014,Medium Sales,North America - US|United States|North America - US - West|California|Los Angeles
Office Supplies,Los Angeles,United States,PS-187604,Pamela Stobb,North America - US,4/18/2014,CA-2014-128965,Medium,OFF-FA-10001561,Stockwell Push Pins,3.597,5,11,Consumer,4/23/2014,Standard Class,0.69,California,Fasteners,16,5,North America - US - West,April,2,2014,Low Sales,North America - US|United States|North America - US - West|California|Los Angeles
Office Supplies,Los Angeles,United States,PS-187604,Pamela Stobb,North America - US,4/18/2014,CA-2014-128965,Medium,OFF-LA-10003190,Avery 474,11.2896,8,23,Consumer,4/23/2014,Standard Class,2.01,California,Labels,16,5,North America - US - West,April,2,2014,Low Sales,North America - US|United States|North America - US - West|California|Los Angeles
Office Supplies,Los Angeles,United States,PS-187604,Pamela Stobb,North America - US,4/18/2014,CA-2014-128965,Medium,OFF-LA-10001404,Avery 517,3.4686,2,7,Consumer,4/23/2014,Standard Class,0.62,California,Labels,16,5,North America - US - West,April,2,2014,Low Sales,North America - US|United States|North America - US - West|California|Los Angeles
Office Supplies,Los Angeles,United States,RD-195854,Rob Dowd,North America - US,7/4/2014,CA-2014-139437,Medium,OFF-ST-10002485,Rogers Deluxe File Chest,0.8792,4,88,Consumer,7/9/2014,Standard Class,6.23,California,Storage,27,5,North America - US - West,July,3,2014,Low Sales,North America - US|United States|North America - US - West|California|Los Angeles
Office Supplies,Los Angeles,United States,AT-107354,Annie Thurman,North America - US,7/8/2014,CA-2014-106824,Medium,OFF-FA-10001135,"Brites Rubber Bands, 1 1/2 oz. Box",0.1188,3,6,Consumer,7/12/2014,Standard Class,0.39,California,Fasteners,28,4,North America - US - West,July,3,2014,Low Sales,North America - US|United States|North America - US - West|California|Los Angeles
Office Supplies,Los Angeles,United States,KB-162404,Karen Bern,North America - US,7/12/2014,CA-2014-162012,Medium,OFF-AP-10003040,Fellowes 8 Outlet Superior Workstation Surge Protector w/o Phone/Fax/Modem Protection,43.706,5,168,Corporate,7/19/2014,Standard Class,10.21,California,Appliances,28,7,North America - US - West,July,3,2014,Medium Sales,North America - US|United States|North America - US - West|California|Los Angeles
Office Supplies,Los Angeles,United States,TH-212354,Tiffany House,North America - US,9/5/2014,CA-2014-117261,Medium,OFF-ST-10000419,"Rogers Jumbo File, Granite",0.5432,4,54,Corporate,9/11/2014,Standard Class,3.88,California,Storage,36,6,North America - US - West,September,3,2014,Low Sales,North America - US|United States|North America - US - West|California|Los Angeles
Office Supplies,Los Angeles,United States,CS-125054,Cindy Stewart,North America - US,11/3/2014,US-2014-115609,Medium,OFF-AP-10003040,Fellowes 8 Outlet Superior Workstation Surge Protector w/o Phone/Fax/Modem Protection,43.706,5,168,Consumer,11/8/2014,Standard Class,10.3,California,Appliances,45,5,North America - US - West,November,4,2014,Medium Sales,North America - US|United States|North America - US - West|California|Los Angeles
Office Supplies,Los Angeles,United States,ZC-219104,Zuschuss Carroll,North America - US,11/7/2014,CA-2014-100013,Medium,OFF-EN-10001219,"#10- 4 1/8"" x 9 1/2"" Security-Tint Envelopes",7.4872,2,15,Consumer,11/12/2014,Standard Class,1.03,California,Envelopes,45,5,North America - US - West,November,4,2014,Low Sales,North America - US|United States|North America - US - West|California|Los Angeles
Office Supplies,Los Angeles,United States,GA-147254,Guy Armstrong,North America - US,11/12/2014,CA-2014-110842,Medium,OFF-AP-10003971,Belkin 6 Outlet Metallic Surge Strip,2.8314,1,11,Consumer,11/17/2014,Standard Class,0.85,California,Appliances,46,5,North America - US - West,November,4,2014,Low Sales,North America - US|United States|North America - US - West|California|Los Angeles
Office Supplies,Los Angeles,United States,MC-181004,Mick Crebagga,North America - US,11/20/2014,CA-2014-126242,Medium,OFF-ST-10000675,"File Shuttle II and Handi-File, Black",76.2525,9,305,Consumer,11/25/2014,Standard Class,12.16,California,Storage,47,5,North America - US - West,November,4,2014,Medium Sales,North America - US|United States|North America - US - West|California|Los Angeles
Office Supplies,Los Angeles,United States,FH-143654,Fred Hopkins,North America - US,12/26/2014,CA-2014-121398,Medium,OFF-ST-10002756,"Tennsco Stur-D-Stor Boltless Shelving, 5 Shelves, 24"" Deep, Sand",2.7062,2,271,Corporate,12/30/2014,Standard Class,16.73,California,Storage,52,4,North America - US - West,December,4,2014,Medium Sales,North America - US|United States|North America - US - West|California|Los Angeles
Office Supplies,San Francisco,United States,BD-116054,Brian Dahlen,North America - US,1/14/2011,CA-2011-157147,High,OFF-AR-10003514,4009 Highlighters by Sanford,6.567,5,20,Consumer,1/19/2011,Standard Class,3.03,California,Art,3,5,North America - US - West,January,1,2011,Low Sales,North America - US|United States|North America - US - West|California|San Francisco
Office Supplies,San Francisco,United States,BD-116054,Brian Dahlen,North America - US,1/14/2011,CA-2011-157147,High,OFF-ST-10000078,Tennsco 6- and 18-Compartment Lockers,238.653,5,1326,Consumer,1/19/2011,Standard Class,187.65,California,Storage,3,5,North America - US - West,January,1,2011,High Sales,North America - US|United States|North America - US - West|California|San Francisco
Office Supplies,San Francisco,United States,CA-122654,Christina Anderson,North America - US,3/25/2011,CA-2011-128237,Medium,OFF-AR-10000034,"BIC Brite Liner Grip Highlighters, Assorted, 5/Pack",9.9216,6,25,Consumer,3/30/2011,Standard Class,2.03,California,Art,13,5,North America - US - West,March,1,2011,Low Sales,North America - US|United States|North America - US - West|California|San Francisco
Office Supplies,San Francisco,United States,CA-122654,Christina Anderson,North America - US,3/25/2011,CA-2011-128237,Medium,OFF-AR-10003338,"Eberhard Faber 3 1/2"" Golf Pencils",3.72,2,15,Consumer,3/30/2011,Standard Class,1.35,California,Art,13,5,North America - US - West,March,1,2011,Low Sales,North America - US|United States|North America - US - West|California|San Francisco
Office Supplies,San Francisco,United States,CA-122654,Christina Anderson,North America - US,3/25/2011,CA-2011-128237,Medium,OFF-AR-10003829,Newell 35,1.9024,2,7,Consumer,3/30/2011,Standard Class,0.46,California,Art,13,5,North America - US - West,March,1,2011,Low Sales,North America - US|United States|North America - US - West|California|San Francisco
Office Supplies,San Francisco,United States,DK-128354,Damala Kotsonis,North America - US,3/26/2011,CA-2011-141838,High,OFF-AR-10004272,Newell 308,0.84,2,3,Corporate,3/31/2011,Second Class,0.19,California,Art,13,5,North America - US - West,March,1,2011,Low Sales,North America - US|United States|North America - US - West|California|San Francisco
Office Supplies,San Francisco,United States,AA-103154,Alex Avila,North America - US,3/31/2011,CA-2011-128055,Medium,OFF-AP-10002765,Fellowes Advanced Computer Series Surge Protectors,14.8344,2,53,Consumer,4/5/2011,Standard Class,3.17,California,Appliances,14,5,North America - US - West,March,1,2011,Low Sales,North America - US|United States|North America - US - West|California|San Francisco
Office Supplies,San Francisco,United States,PK-189104,Paul Knutson,North America - US,4/4/2011,CA-2011-105172,High,OFF-LA-10001641,Avery 518,9.072,6,19,Home Office,4/9/2011,Standard Class,2.66,California,Labels,15,5,North America - US - West,April,2,2011,Low Sales,North America - US|United States|North America - US - West|California|San Francisco
Office Supplies,San Francisco,United States,CM-124454,Chuck Magee,North America - US,6/9/2011,CA-2011-133851,Low,OFF-AR-10003752,Deluxe Chalkboard Eraser Cleaner,10.626,2,23,Consumer,6/16/2011,Standard Class,2.24,California,Art,24,7,North America - US - West,June,2,2011,Low Sales,North America - US|United States|North America - US - West|California|San Francisco
Office Supplies,San Francisco,United States,CM-124454,Chuck Magee,North America - US,6/9/2011,CA-2011-133851,Low,OFF-SU-10001225,Staples,0.1472,2,7,Consumer,6/16/2011,Standard Class,0.84,California,Supplies,24,7,North America - US - West,June,2,2011,Low Sales,North America - US|United States|North America - US - West|California|San Francisco
Office Supplies,San Francisco,United States,DS-130304,Darrin Sayre,North America - US,7/9/2011,CA-2011-113271,Medium,OFF-AR-10003251,Prang Drawing Pencil Set,2.224,2,6,Home Office,7/14/2011,Standard Class,0.28,California,Art,28,5,North America - US - West,July,3,2011,Low Sales,North America - US|United States|North America - US - West|California|San Francisco
Office Supplies,San Francisco,United States,ME-180104,Michelle Ellison,North America - US,7/21/2011,CA-2011-116932,Medium,OFF-AR-10002067,Newell 334,25.792,5,99,Corporate,7/25/2011,Standard Class,7.53,California,Art,30,4,North America - US - West,July,3,2011,Low Sales,North America - US|United States|North America - US - West|California|San Francisco
Office Supplies,San Francisco,United States,NP-183254,Naresj Patel,North America - US,7/22/2011,CA-2011-117464,High,OFF-AR-10003190,Newell 32,3.2256,4,12,Consumer,7/24/2011,Second Class,1.92,California,Art,30,2,North America - US - West,July,3,2011,Low Sales,North America - US|United States|North America - US - West|California|San Francisco
Office Supplies,San Francisco,United States,NP-183254,Naresj Patel,North America - US,7/22/2011,CA-2011-117464,High,OFF-ST-10003058,Eldon Mobile Mega Data Cart  Mega Stackable  Add-On Trays,68.585,10,237,Consumer,7/24/2011,Second Class,28.62,California,Storage,30,2,North America - US - West,July,3,2011,Medium Sales,North America - US|United States|North America - US - West|California|San Francisco
Office Supplies,San Francisco,United States,NC-185354,Nick Crebassa,North America - US,7/23/2011,CA-2011-145254,High,OFF-SU-10004664,Acme Softgrip Scissors,11.803,5,41,Corporate,7/27/2011,Standard Class,3.27,California,Supplies,30,4,North America - US - West,July,3,2011,Low Sales,North America - US|United States|North America - US - West|California|San Francisco
Office Supplies,San Francisco,United States,KL-166454,Ken Lonsdale,North America - US,7/25/2011,CA-2011-143917,High,OFF-ST-10001228,"Fellowes Personal Hanging Folder Files, Navy",15.0416,4,54,Consumer,7/27/2011,Second Class,5.53,California,Storage,31,2,North America - US - West,July,3,2011,Low Sales,North America - US|United States|North America - US - West|California|San Francisco
Office Supplies,San Francisco,United States,KL-166454,Ken Lonsdale,North America - US,7/25/2011,CA-2011-143917,High,OFF-SU-10000151,High Speed Automatic Electric Letter Opener,327.506,5,8188,Consumer,7/27/2011,Second Class,16.77,California,Supplies,31,2,North America - US - West,July,3,2011,High Sales,North America - US|United States|North America - US - West|California|San Francisco
Office Supplies,San Francisco,United States,SS-205904,Sonia Sunley,North America - US,8/5/2011,CA-2011-150490,Medium,OFF-AR-10004602,Boston KS Multi-Size Manual Pencil Sharpener,12.8744,2,46,Consumer,8/11/2011,Standard Class,4.43,California,Art,32,6,North America - US - West,August,3,2011,Low Sales,North America - US|United States|North America - US - West|California|San Francisco
Office Supplies,San Francisco,United States,SS-205904,Sonia Sunley,North America - US,8/5/2011,CA-2011-150490,Medium,OFF-ST-10000321,Akro Stacking Bins,0.6312,2,16,Consumer,8/11/2011,Standard Class,0.29,California,Storage,32,6,North America - US - West,August,3,2011,Low Sales,North America - US|United States|North America - US - West|California|San Francisco
Office Supplies,San Francisco,United States,BD-116054,Brian Dahlen,North America - US,8/15/2011,US-2011-164406,High,OFF-AP-10003287,Tripp Lite TLP810NET Broadband Surge for Modem/Fax,42.8148,3,153,Consumer,8/19/2011,Standard Class,20.47,California,Appliances,34,4,North America - US - West,August,3,2011,Medium Sales,North America - US|United States|North America - US - West|California|San Francisco
Office Supplies,San Francisco,United States,ZD-219254,Zuschuss Donatelli,North America - US,8/27/2011,CA-2011-143336,High,OFF-AR-10003056,Newell 341,2.4824,2,9,Consumer,9/1/2011,Second Class,1.58,California,Art,35,5,North America - US - West,August,3,2011,Low Sales,North America - US|United States|North America - US - West|California|San Francisco
Office Supplies,San Francisco,United States,VP-217604,Victoria Pisteka,North America - US,9/6/2011,CA-2011-130449,Medium,OFF-LA-10001934,Avery 516,27.4856,8,58,Corporate,9/9/2011,First Class,3.81,California,Labels,37,3,North America - US - West,September,3,2011,Low Sales,North America - US|United States|North America - US - West|California|San Francisco
Office Supplies,San Francisco,United States,DP-133904,Dennis Pardue,North America - US,9/8/2011,CA-2011-168592,Medium,OFF-AP-10004785,"Holmes Replacement Filter for HEPA Air Cleaner, Medium Room",24.3595,5,57,Home Office,9/14/2011,Standard Class,5.59,California,Appliances,37,6,North America - US - West,September,3,2011,Low Sales,North America - US|United States|North America - US - West|California|San Francisco
Office Supplies,San Francisco,United States,DP-133904,Dennis Pardue,North America - US,9/8/2011,CA-2011-168592,Medium,OFF-FA-10002988,Ideal Clamps,1.9698,2,4,Home Office,9/14/2011,Standard Class,0.29,California,Fasteners,37,6,North America - US - West,September,3,2011,Low Sales,North America - US|United States|North America - US - West|California|San Francisco
Office Supplies,San Francisco,United States,DP-133904,Dennis Pardue,North America - US,9/8/2011,CA-2011-168592,Medium,OFF-ST-10002406,Pizazz Global Quick File,4.1916,1,15,Home Office,9/14/2011,Standard Class,1.26,California,Storage,37,6,North America - US - West,September,3,2011,Low Sales,North America - US|United States|North America - US - West|California|San Francisco
Office Supplies,San Francisco,United States,JK-156404,Jim Kriz,North America - US,9/19/2011,CA-2011-159849,High,OFF-FA-10000053,Revere Boxed Rubber Bands by Revere,0.1134,3,6,Home Office,9/19/2011,Same Day,0.67,California,Fasteners,39,0,North America - US - West,September,3,2011,Low Sales,North America - US|United States|North America - US - West|California|San Francisco
Office Supplies,San Francisco,United States,ES-140204,Erica Smith,North America - US,9/20/2011,CA-2011-156433,Medium,OFF-LA-10001569,Avery 499,4.5816,2,10,Consumer,9/26/2011,Standard Class,0.2,California,Labels,39,6,North America - US - West,September,3,2011,Low Sales,North America - US|United States|North America - US - West|California|San Francisco
Office Supplies,San Francisco,United States,HF-149954,Herbert Flentye,North America - US,9/21/2011,CA-2011-153969,High,OFF-AR-10001615,Newell 34,15.4752,3,60,Consumer,9/25/2011,Standard Class,6.51,California,Art,39,4,North America - US - West,September,3,2011,Low Sales,North America - US|United States|North America - US - West|California|San Francisco
Office Supplies,San Francisco,United States,HF-149954,Herbert Flentye,North America - US,9/21/2011,CA-2011-153969,High,OFF-EN-10004483,"#10 White Business Envelopes,4 1/8 x 9 1/2",36.8245,5,78,Consumer,9/25/2011,Standard Class,7.85,California,Envelopes,39,4,North America - US - West,September,3,2011,Low Sales,North America - US|United States|North America - US - West|California|San Francisco
Office Supplies,San Francisco,United States,HF-149954,Herbert Flentye,North America - US,9/21/2011,CA-2011-153969,High,OFF-EN-10001539,Staples,7.3132,2,16,Consumer,9/25/2011,Standard Class,2.3,California,Envelopes,39,4,North America - US - West,September,3,2011,Low Sales,North America - US|United States|North America - US - West|California|San Francisco
Office Supplies,San Francisco,United States,JD-160604,Julia Dunbar,North America - US,9/24/2011,CA-2011-123344,Medium,OFF-ST-10001713,"Gould Plastics 9-Pocket Panel Bin, 18-3/8w x 5-1/4d x 20-1/2h, Black",8.4784,4,212,Consumer,9/29/2011,Standard Class,7.99,California,Storage,39,5,North America - US - West,September,3,2011,Medium Sales,North America - US|United States|North America - US - West|California|San Francisco
Office Supplies,San Francisco,United States,SJ-205004,Shirley Jackson,North America - US,10/9/2011,CA-2011-138240,Medium,OFF-AR-10002135,Boston Heavy-Duty Trimline Electric Pencil Sharpeners,41.934,3,145,Consumer,10/14/2011,Standard Class,8.56,California,Art,42,5,North America - US - West,October,4,2011,Medium Sales,North America - US|United States|North America - US - West|California|San Francisco
Office Supplies,San Francisco,United States,DN-136904,Duane Noonan,North America - US,10/12/2011,CA-2011-139451,Medium,OFF-AR-10002053,"Premium Writing Pencils, Soft, #2 by Central Association for the Blind",4.172,5,15,Consumer,10/16/2011,Standard Class,0.45,California,Art,42,4,North America - US - West,October,4,2011,Low Sales,North America - US|United States|North America - US - West|California|San Francisco
Office Supplies,San Francisco,United States,DN-136904,Duane Noonan,North America - US,10/12/2011,CA-2011-139451,Medium,OFF-ST-10002370,"Sortfiler Multipurpose Personal File Organizer, Black",6.2031,1,21,Consumer,10/16/2011,Standard Class,1.54,California,Storage,42,4,North America - US - West,October,4,2011,Low Sales,North America - US|United States|North America - US - West|California|San Francisco
Office Supplies,San Francisco,United States,RP-192704,Rachel Payne,North America - US,10/19/2011,CA-2011-155264,Medium,OFF-LA-10002787,Avery 480,9,5,19,Corporate,10/22/2011,Second Class,2.31,California,Labels,43,3,North America - US - West,October,4,2011,Low Sales,North America - US|United States|North America - US - West|California|San Francisco
Office Supplies,San Francisco,United States,SH-203954,Shahid Hopkins,North America - US,11/2/2011,CA-2011-115889,High,OFF-ST-10003208,Adjustable Depth Letter/Legal Cart,105.2468,2,363,Consumer,11/6/2011,Standard Class,34.38,California,Storage,45,4,North America - US - West,November,4,2011,Medium Sales,North America - US|United States|North America - US - West|California|San Francisco
Office Supplies,San Francisco,United States,JP-155204,Jeremy Pistek,North America - US,11/9/2011,CA-2011-144666,Critical,OFF-ST-10001321,"Decoflex Hanging Personal Folder File, Blue",24.9804,6,93,Consumer,11/11/2011,Second Class,21.12,California,Storage,46,2,North America - US - West,November,4,2011,Low Sales,North America - US|United States|North America - US - West|California|San Francisco
Office Supplies,San Francisco,United States,JP-155204,Jeremy Pistek,North America - US,11/9/2011,CA-2011-144666,Critical,OFF-ST-10002743,SAFCO Boltless Steel Shelving,3.4092,3,341,Consumer,11/11/2011,Second Class,51.9,California,Storage,46,2,North America - US - West,November,4,2011,Medium Sales,North America - US|United States|North America - US - West|California|San Francisco
Office Supplies,San Francisco,United States,SC-202604,Scott Cohen,North America - US,11/15/2011,CA-2011-128622,Critical,OFF-SU-10001574,Acme Value Line Scissors,3.285,3,11,Corporate,11/17/2011,Second Class,2.3,California,Supplies,47,2,North America - US - West,November,4,2011,Low Sales,North America - US|United States|North America - US - West|California|San Francisco
Office Supplies,San Francisco,United States,TS-212054,Thomas Seio,North America - US,11/17/2011,CA-2011-140662,High,OFF-AP-10001242,APC 7 Outlet Network SurgeArrest Surge Protector,72.432,3,241,Corporate,11/19/2011,First Class,14.77,California,Appliances,47,2,North America - US - West,November,4,2011,Medium Sales,North America - US|United States|North America - US - West|California|San Francisco
Office Supplies,San Francisco,United States,DH-136754,Duane Huffman,North America - US,11/28/2011,CA-2011-105249,Medium,OFF-LA-10002043,Avery 489,19.872,4,41,Home Office,11/28/2011,Same Day,3.39,California,Labels,49,0,North America - US - West,November,4,2011,Low Sales,North America - US|United States|North America - US - West|California|San Francisco
Office Supplies,San Francisco,United States,DH-136754,Duane Huffman,North America - US,11/28/2011,CA-2011-105249,Medium,OFF-SU-10001225,Staples,0.1472,2,7,Home Office,11/28/2011,Same Day,1.36,California,Supplies,49,0,North America - US - West,November,4,2011,Low Sales,North America - US|United States|North America - US - West|California|San Francisco
Office Supplies,San Francisco,United States,SG-204704,Sheri Gordon,North America - US,11/28/2011,CA-2011-159800,High,OFF-AP-10004859,Acco 6 Outlet Guardian Premium Surge Suppressor,11.7936,3,44,Consumer,12/1/2011,First Class,3.95,California,Appliances,49,3,North America - US - West,November,4,2011,Low Sales,North America - US|United States|North America - US - West|California|San Francisco
Office Supplies,San Francisco,United States,AH-102104,Alan Hwang,North America - US,11/29/2011,CA-2011-153983,Medium,OFF-FA-10003495,Staples,15.2,5,30,Consumer,12/6/2011,Standard Class,2.12,California,Fasteners,49,7,North America - US - West,November,4,2011,Low Sales,North America - US|United States|North America - US - West|California|San Francisco
Office Supplies,San Francisco,United States,AJ-107954,Anthony Johnson,North America - US,12/29/2011,CA-2011-110786,High,OFF-LA-10001474,Avery 477,126.3942,9,275,Corporate,1/2/2012,Standard Class,0.2,California,Labels,53,4,North America - US - West,December,4,2011,Medium Sales,North America - US|United States|North America - US - West|California|San Francisco
Office Supplies,San Francisco,United States,JL-151754,James Lanier,North America - US,1/5/2012,CA-2012-158701,Medium,OFF-AP-10004859,Acco 6 Outlet Guardian Premium Surge Suppressor,23.5872,6,87,Home Office,1/10/2012,Standard Class,5.39,California,Appliances,1,5,North America - US - West,January,1,2012,Low Sales,North America - US|United States|North America - US - West|California|San Francisco
Office Supplies,San Francisco,United States,GA-145154,George Ashbrook,North America - US,4/17/2012,CA-2012-155306,High,OFF-AP-10002651,Hoover Upright Vacuum With Dirt Cup,419.8185,5,1448,Consumer,4/21/2012,Standard Class,114.8,California,Appliances,16,4,North America - US - West,April,2,2012,High Sales,North America - US|United States|North America - US - West|California|San Francisco
Office Supplies,San Francisco,United States,GA-145154,George Ashbrook,North America - US,4/17/2012,CA-2012-155306,High,OFF-AR-10003251,Prang Drawing Pencil Set,2.224,2,6,Consumer,4/21/2012,Standard Class,0.33,California,Art,16,4,North America - US - West,April,2,2012,Low Sales,North America - US|United States|North America - US - West|California|San Francisco
Office Supplies,San Francisco,United States,KB-165854,Ken Black,North America - US,4/30/2012,CA-2012-103716,Medium,OFF-AR-10000658,Newell 324,9.702,3,35,Corporate,5/6/2012,Standard Class,3.03,California,Art,18,6,North America - US - West,April,2,2012,Low Sales,North America - US|United States|North America - US - West|California|San Francisco
Office Supplies,San Francisco,United States,PO-188504,Patrick O'Brill,North America - US,5/1/2012,CA-2012-104486,High,OFF-ST-10000876,Eldon Simplefile Box Office,10.4496,3,37,Consumer,5/6/2012,Standard Class,3.61,California,Storage,18,5,North America - US - West,May,2,2012,Low Sales,North America - US|United States|North America - US - West|California|San Francisco
Office Supplies,San Francisco,United States,PO-188504,Patrick O'Brill,North America - US,5/1/2012,CA-2012-104486,High,OFF-SU-10002573,"Acme 10"" Easy Grip Assistive Scissors",10.518,2,35,Consumer,5/6/2012,Standard Class,5.55,California,Supplies,18,5,North America - US - West,May,2,2012,Low Sales,North America - US|United States|North America - US - West|California|San Francisco
Office Supplies,San Francisco,United States,LC-168704,Lena Cacioppo,North America - US,5/3/2012,CA-2012-150770,Critical,OFF-AR-10001246,Newell 317,2.5578,3,9,Consumer,5/6/2012,First Class,2.23,California,Art,18,3,North America - US - West,May,2,2012,Low Sales,North America - US|United States|North America - US - West|California|San Francisco
Office Supplies,San Francisco,United States,HA-149204,Helen Andreada,North America - US,7/26/2012,CA-2012-136735,Low,OFF-EN-10002230,Airmail Envelopes,78.8942,2,168,Consumer,8/2/2012,Standard Class,21.59,California,Envelopes,30,7,North America - US - West,July,3,2012,Medium Sales,North America - US|United States|North America - US - West|California|San Francisco
Office Supplies,San Francisco,United States,DS-131804,David Smith,North America - US,8/21/2012,CA-2012-130456,Medium,OFF-ST-10000736,Carina Double Wide Media Storage Towers in Natural & Black,3.2392,1,81,Corporate,8/26/2012,Standard Class,4.69,California,Storage,34,5,North America - US - West,August,3,2012,Low Sales,North America - US|United States|North America - US - West|California|San Francisco
Office Supplies,San Francisco,United States,DB-131204,David Bremer,North America - US,9/3/2012,CA-2012-130204,Low,OFF-ST-10001325,Sterilite Officeware Hinged File Box,8.4888,3,31,Corporate,9/9/2012,Standard Class,4.69,California,Storage,36,6,North America - US - West,September,3,2012,Low Sales,North America - US|United States|North America - US - West|California|San Francisco
Office Supplies,San Francisco,United States,RH-195104,Rick Huthwaite,North America - US,9/27/2012,CA-2012-167255,High,OFF-ST-10001328,"Personal Filing Tote with Lid, Black/Gray",4.3428,1,16,Home Office,9/29/2012,Second Class,1.95,California,Storage,39,2,North America - US - West,September,3,2012,Low Sales,North America - US|United States|North America - US - West|California|San Francisco
Office Supplies,San Francisco,United States,HG-149654,Henry Goldwyn,North America - US,9/28/2012,CA-2012-169201,Critical,OFF-AP-10002082,Holmes HEPA Air Purifier,15.246,2,44,Corporate,10/1/2012,First Class,17.63,California,Appliances,39,3,North America - US - West,September,3,2012,Low Sales,North America - US|United States|North America - US - West|California|San Francisco
Office Supplies,San Francisco,United States,HG-149654,Henry Goldwyn,North America - US,9/28/2012,CA-2012-169201,Critical,OFF-AP-10000696,Holmes Odor Grabber,14.2758,3,43,Corporate,10/1/2012,First Class,12.13,California,Appliances,39,3,North America - US - West,September,3,2012,Low Sales,North America - US|United States|North America - US - West|California|San Francisco
Office Supplies,San Francisco,United States,AA-103154,Alex Avila,North America - US,10/4/2012,CA-2012-121391,Critical,OFF-ST-10001590,"Tenex Personal Project File with Scoop Front Design, Black",7.0096,2,27,Consumer,10/7/2012,First Class,5.23,California,Storage,40,3,North America - US - West,October,4,2012,Low Sales,North America - US|United States|North America - US - West|California|San Francisco
Office Supplies,San Francisco,United States,TB-216254,Trudy Brown,North America - US,10/25/2012,CA-2012-152891,Medium,OFF-AR-10004648,Boston 19500 Mighty Mite Electric Pencil Sharpener,16.3215,3,60,Consumer,10/30/2012,Standard Class,2.59,California,Art,43,5,North America - US - West,October,4,2012,Low Sales,North America - US|United States|North America - US - West|California|San Francisco
Office Supplies,San Francisco,United States,NB-186554,Nona Balk,North America - US,10/29/2012,CA-2012-110289,High,OFF-EN-10001434,"Strathmore #10 Envelopes, Ultimate White",103.3116,4,211,Corporate,11/2/2012,Standard Class,18.58,California,Envelopes,44,4,North America - US - West,October,4,2012,Medium Sales,North America - US|United States|North America - US - West|California|San Francisco
Office Supplies,San Francisco,United States,JM-161954,Justin MacKendrick,North America - US,11/5/2012,CA-2012-145485,High,OFF-ST-10000649,Hanging Personal Folder File,15.7,4,63,Consumer,11/5/2012,Same Day,11.68,California,Storage,45,0,North America - US - West,November,4,2012,Low Sales,North America - US|United States|North America - US - West|California|San Francisco
Office Supplies,San Francisco,United States,AJ-109454,Ashley Jarboe,North America - US,11/28/2012,CA-2012-164497,Medium,OFF-AP-10004655,"Holmes Visible Mist Ultrasonic Humidifier with 2.3-Gallon Output per Day, Replacement Filter",15.3952,4,45,Consumer,11/30/2012,First Class,0.16,California,Appliances,48,2,North America - US - West,November,4,2012,Low Sales,North America - US|United States|North America - US - West|California|San Francisco
Office Supplies,San Francisco,United States,AF-108704,Art Ferguson,North America - US,12/6/2012,CA-2012-168634,Medium,OFF-AP-10001626,"Commercial WindTunnel Clean Air Upright Vacuum, Replacement Belts, Filtration Bags",2.0228,2,8,Consumer,12/11/2012,Standard Class,0.67,California,Appliances,49,5,North America - US - West,December,4,2012,Low Sales,North America - US|United States|North America - US - West|California|San Francisco
Office Supplies,San Francisco,United States,MT-178154,Meg Tillman,North America - US,12/10/2012,CA-2012-127502,Medium,OFF-LA-10001613,Avery File Folder Labels,2.8224,2,6,Consumer,12/14/2012,Standard Class,0.27,California,Labels,50,4,North America - US - West,December,4,2012,Low Sales,North America - US|United States|North America - US - West|California|San Francisco
Office Supplies,San Francisco,United States,AH-100304,Aaron Hawkins,North America - US,12/27/2012,CA-2012-130113,Medium,OFF-ST-10000046,Fellowes Super Stor/Drawer Files,61.389,2,323,Corporate,12/31/2012,Standard Class,26.7,California,Storage,52,4,North America - US - West,December,4,2012,Medium Sales,North America - US|United States|North America - US - West|California|San Francisco
Office Supplies,San Francisco,United States,SC-207254,Steven Cartwright,North America - US,1/30/2013,CA-2013-153661,Medium,OFF-LA-10004689,Avery 512,12.2247,9,26,Consumer,1/31/2013,First Class,2.51,California,Labels,5,1,North America - US - West,January,1,2013,Low Sales,North America - US|United States|North America - US - West|California|San Francisco
Office Supplies,San Francisco,United States,SC-207254,Steven Cartwright,North America - US,1/30/2013,CA-2013-153661,Medium,OFF-ST-10000675,"File Shuttle II and Handi-File, Black",76.2525,9,305,Consumer,1/31/2013,First Class,34.33,California,Storage,5,1,North America - US - West,January,1,2013,Medium Sales,North America - US|United States|North America - US - West|California|San Francisco
Office Supplies,San Francisco,United States,TS-211604,Theresa Swint,North America - US,3/4/2013,CA-2013-120005,High,OFF-SU-10004782,"Elite 5"" Scissors",7.605,3,25,Corporate,3/4/2013,Same Day,3.5,California,Supplies,10,0,North America - US - West,March,1,2013,Low Sales,North America - US|United States|North America - US - West|California|San Francisco
Office Supplies,San Francisco,United States,DK-132254,Dean Katz,North America - US,3/13/2013,CA-2013-127138,Medium,OFF-AP-10003842,Euro-Pro Shark Turbo Vacuum,40.274,5,155,Corporate,3/16/2013,Second Class,6.36,California,Appliances,11,3,North America - US - West,March,1,2013,Medium Sales,North America - US|United States|North America - US - West|California|San Francisco
Office Supplies,San Francisco,United States,DK-132254,Dean Katz,North America - US,3/13/2013,CA-2013-127138,Medium,OFF-EN-10004459,Security-Tint Envelopes,14.9744,4,31,Corporate,3/16/2013,Second Class,1.8,California,Envelopes,11,3,North America - US - West,March,1,2013,Low Sales,North America - US|United States|North America - US - West|California|San Francisco
Office Supplies,San Francisco,United States,DK-132254,Dean Katz,North America - US,3/13/2013,CA-2013-127138,Medium,OFF-ST-10002756,"Tennsco Stur-D-Stor Boltless Shelving, 5 Shelves, 24"" Deep, Sand",6.7655,5,677,Corporate,3/16/2013,Second Class,18.47,California,Storage,11,3,North America - US - West,March,1,2013,High Sales,North America - US|United States|North America - US - West|California|San Francisco
Office Supplies,San Francisco,United States,EH-137654,Edward Hooks,North America - US,3/14/2013,CA-2013-136301,Critical,OFF-SU-10000151,High Speed Automatic Electric Letter Opener,196.5036,3,4913,Corporate,3/16/2013,Second Class,56.09,California,Supplies,11,2,North America - US - West,March,1,2013,High Sales,North America - US|United States|North America - US - West|California|San Francisco
Office Supplies,San Francisco,United States,BT-116804,Brian Thompson,North America - US,4/11/2013,CA-2013-123358,Medium,OFF-AP-10004980,3M Replacement Filter for Office Air Cleaner for 20' x 33' Room,44.3664,3,114,Consumer,4/18/2013,Standard Class,10.27,California,Appliances,15,7,North America - US - West,April,2,2013,Medium Sales,North America - US|United States|North America - US - West|California|San Francisco
Office Supplies,San Francisco,United States,BT-116804,Brian Thompson,North America - US,4/11/2013,CA-2013-123358,Medium,OFF-ST-10001932,Fellowes Staxonsteel Drawer Files,81.1314,3,580,Consumer,4/18/2013,Standard Class,38.67,California,Storage,15,7,North America - US - West,April,2,2013,High Sales,North America - US|United States|North America - US - West|California|San Francisco
Office Supplies,San Francisco,United States,BT-116804,Brian Thompson,North America - US,4/11/2013,CA-2013-123358,Medium,OFF-ST-10000636,Rogers Profile Extra Capacity Storage Tub,6.0264,9,151,Consumer,4/18/2013,Standard Class,12.16,California,Storage,15,7,North America - US - West,April,2,2013,Medium Sales,North America - US|United States|North America - US - West|California|San Francisco
Office Supplies,San Francisco,United States,SP-209204,Susan Pistek,North America - US,4/14/2013,CA-2013-152800,High,OFF-EN-10001509,Poly String Tie Envelopes,2.8764,3,6,Consumer,4/16/2013,First Class,1.23,California,Envelopes,16,2,North America - US - West,April,2,2013,Low Sales,North America - US|United States|North America - US - West|California|San Francisco
Office Supplies,San Francisco,United States,EB-139304,Eric Barreto,North America - US,5/19/2013,CA-2013-122728,Medium,OFF-ST-10000604,Home/Office Personal File Carts,26.07,3,104,Consumer,5/25/2013,Standard Class,4.92,California,Storage,21,6,North America - US - West,May,2,2013,Medium Sales,North America - US|United States|North America - US - West|California|San Francisco
Office Supplies,San Francisco,United States,PV-189854,Paul Van Hugh,North America - US,6/15/2013,CA-2013-107216,Medium,OFF-AR-10001545,Newell 326,2.0416,4,7,Home Office,6/18/2013,First Class,1.61,California,Art,24,3,North America - US - West,June,2,2013,Low Sales,North America - US|United States|North America - US - West|California|San Francisco
Office Supplies,San Francisco,United States,PV-189854,Paul Van Hugh,North America - US,6/15/2013,CA-2013-107216,Medium,OFF-AR-10002255,Newell 346,2.5056,3,9,Home Office,6/18/2013,First Class,1.8,California,Art,24,3,North America - US - West,June,2,2013,Low Sales,North America - US|United States|North America - US - West|California|San Francisco
Office Supplies,San Francisco,United States,RD-199004,Ruben Dartt,North America - US,6/24/2013,CA-2013-140382,High,OFF-LA-10001934,Avery 516,10.3071,3,22,Consumer,6/26/2013,Second Class,3.38,California,Labels,26,2,North America - US - West,June,2,2013,Low Sales,North America - US|United States|North America - US - West|California|San Francisco
Office Supplies,San Francisco,United States,RD-199004,Ruben Dartt,North America - US,6/24/2013,CA-2013-140382,High,OFF-ST-10003638,Mobile Personal File Cube,25.2936,4,94,Consumer,6/26/2013,Second Class,13.19,California,Storage,26,2,North America - US - West,June,2,2013,Low Sales,North America - US|United States|North America - US - West|California|San Francisco
Office Supplies,San Francisco,United States,AA-106454,Anna Andreadi,North America - US,7/5/2013,CA-2013-147137,High,OFF-EN-10003567,"Inter-Office Recycled Envelopes, Brown Kraft, Button-String,10"" x 13"" , 100/Box",20.6612,2,44,Consumer,7/7/2013,First Class,5.16,California,Envelopes,27,2,North America - US - West,July,3,2013,Low Sales,North America - US|United States|North America - US - West|California|San Francisco
Office Supplies,San Francisco,United States,AA-106454,Anna Andreadi,North America - US,7/5/2013,CA-2013-147137,High,OFF-ST-10002486,Eldon Shelf Savers Cubes and Bins,0.5584,4,28,Consumer,7/7/2013,First Class,5.79,California,Storage,27,2,North America - US - West,July,3,2013,Low Sales,North America - US|United States|North America - US - West|California|San Francisco
Office Supplies,San Francisco,United States,RB-193604,Raymond Buch,North America - US,7/15/2013,CA-2013-109953,Medium,OFF-AP-10002998,Holmes 99% HEPA Air Purifier,50.0346,7,152,Consumer,7/19/2013,Standard Class,7.26,California,Appliances,29,4,North America - US - West,July,3,2013,Medium Sales,North America - US|United States|North America - US - West|California|San Francisco
Office Supplies,San Francisco,United States,DL-134954,Dionis Lloyd,North America - US,7/23/2013,CA-2013-144855,Critical,OFF-LA-10003766,Self-Adhesive Removable Labels,3.024,2,6,Corporate,7/25/2013,Second Class,1.6,California,Labels,30,2,North America - US - West,July,3,2013,Low Sales,North America - US|United States|North America - US - West|California|San Francisco
Office Supplies,San Francisco,United States,BC-111254,Becky Castell,North America - US,7/26/2013,CA-2013-149335,Critical,OFF-AR-10001419,Newell 325,11.151,9,37,Home Office,7/26/2013,Same Day,12.15,California,Art,30,0,North America - US - West,July,3,2013,Low Sales,North America - US|United States|North America - US - West|California|San Francisco
Office Supplies,San Francisco,United States,RW-196304,Rob Williams,North America - US,7/31/2013,CA-2013-112585,Medium,OFF-AP-10003849,Hoover Shoulder Vac Commercial Portable Vacuum,178.91,2,716,Corporate,8/3/2013,First Class,113.49,California,Appliances,31,3,North America - US - West,July,3,2013,High Sales,North America - US|United States|North America - US - West|California|San Francisco
Office Supplies,San Francisco,United States,PK-190754,Pete Kriz,North America - US,8/17/2013,CA-2013-150343,High,OFF-EN-10004030,Convenience Packs of Business Envelopes,5.1042,3,11,Consumer,8/21/2013,Standard Class,1.57,California,Envelopes,33,4,North America - US - West,August,3,2013,Low Sales,North America - US|United States|North America - US - West|California|San Francisco
Office Supplies,San Francisco,United States,CV-128054,Cynthia Voltz,North America - US,9/2/2013,CA-2013-120859,Medium,OFF-EN-10001335,"White Business Envelopes with Contemporary Seam, Recycled White Business Envelopes",10.94,2,22,Corporate,9/5/2013,First Class,1.9,California,Envelopes,36,3,North America - US - West,September,3,2013,Low Sales,North America - US|United States|North America - US - West|California|San Francisco
Office Supplies,San Francisco,United States,SZ-200354,Sam Zeldin,North America - US,9/3/2013,CA-2013-113096,High,OFF-ST-10003455,"Tenex File Box, Personal Filing Tote with Lid, Black",12.0978,3,47,Home Office,9/5/2013,First Class,6.54,California,Storage,36,2,North America - US - West,September,3,2013,Low Sales,North America - US|United States|North America - US - West|California|San Francisco
Office Supplies,San Francisco,United States,CC-124304,Chuck Clark,North America - US,9/20/2013,US-2013-114888,Medium,OFF-SU-10001212,Kleencut Forged Office Shears by Acme United Corporation,1.872,3,6,Home Office,9/25/2013,Second Class,0.19,California,Supplies,38,5,North America - US - West,September,3,2013,Low Sales,North America - US|United States|North America - US - West|California|San Francisco
Office Supplies,San Francisco,United States,GM-146954,Greg Maxwell,North America - US,9/21/2013,CA-2013-100244,High,OFF-AR-10000940,Newell 343,3.1752,4,12,Corporate,9/25/2013,Standard Class,1.86,California,Art,38,4,North America - US - West,September,3,2013,Low Sales,North America - US|United States|North America - US - West|California|San Francisco
Office Supplies,San Francisco,United States,JW-160754,Julia West,North America - US,9/26/2013,CA-2013-101385,Medium,OFF-AR-10004441,BIC Brite Liner Highlighters,6.9552,4,17,Consumer,10/2/2013,Standard Class,1.37,California,Art,39,6,North America - US - West,September,3,2013,Low Sales,North America - US|United States|North America - US - West|California|San Francisco
Office Supplies,San Francisco,United States,BP-110954,Bart Pistole,North America - US,10/28/2013,CA-2013-156811,Medium,OFF-AP-10001366,Staples,11.8584,4,44,Corporate,11/3/2013,Standard Class,3.53,California,Appliances,44,6,North America - US - West,October,4,2013,Low Sales,North America - US|United States|North America - US - West|California|San Francisco
Office Supplies,San Francisco,United States,PC-187454,Pamela Coakley,North America - US,11/11/2013,CA-2013-105494,High,OFF-ST-10002205,File Shuttle I and Handi-File,42.0714,7,156,Corporate,11/13/2013,First Class,47.91,California,Storage,46,2,North America - US - West,November,4,2013,Medium Sales,North America - US|United States|North America - US - West|California|San Francisco
Office Supplies,San Francisco,United States,RO-197804,Rose O'Brian,North America - US,11/11/2013,CA-2013-152940,Medium,OFF-ST-10000352,Acco Perma 2700 Stacking Storage Drawers,4.461,1,30,Consumer,11/14/2013,First Class,8.14,California,Storage,46,3,North America - US - West,November,4,2013,Low Sales,North America - US|United States|North America - US - West|California|San Francisco
Office Supplies,San Francisco,United States,RR-193154,Ralph Ritter,North America - US,11/15/2013,CA-2013-149482,High,OFF-LA-10000248,Avery 52,3.4686,2,7,Consumer,11/20/2013,Standard Class,0.28,California,Labels,46,5,North America - US - West,November,4,2013,Low Sales,North America - US|United States|North America - US - West|California|San Francisco
Office Supplies,San Francisco,United States,HJ-148754,Heather Jas,North America - US,11/18/2013,CA-2013-118500,High,OFF-SU-10004231,Acme Tagit Stainless Steel Antibacterial Scissors,13.365,5,50,Home Office,11/19/2013,First Class,11.65,California,Supplies,47,1,North America - US - West,November,4,2013,Low Sales,North America - US|United States|North America - US - West|California|San Francisco
Office Supplies,San Francisco,United States,MK-181604,Mike Kennedy,North America - US,12/3/2013,US-2013-108455,Medium,OFF-ST-10002214,X-Rack File for Hanging Folders,8.8062,3,34,Consumer,12/9/2013,Standard Class,1.79,California,Storage,49,6,North America - US - West,December,4,2013,Low Sales,North America - US|United States|North America - US - West|California|San Francisco
Office Supplies,San Francisco,United States,DB-136154,Doug Bickford,North America - US,12/9/2013,CA-2013-115224,High,OFF-ST-10003816,Fellowes High-Stak Drawer Files,81.0474,2,352,Consumer,12/12/2013,Second Class,13.24,California,Storage,50,3,North America - US - West,December,4,2013,Medium Sales,North America - US|United States|North America - US - West|California|San Francisco
Office Supplies,San Francisco,United States,DB-136154,Doug Bickford,North America - US,12/9/2013,CA-2013-115224,High,OFF-ST-10000615,"SimpliFile Personal File, Black Granite, 15w x 6-15/16d x 11-1/4h",9.534,3,34,Consumer,12/12/2013,Second Class,4.8,California,Storage,50,3,North America - US - West,December,4,2013,Low Sales,North America - US|United States|North America - US - West|California|San Francisco
Office Supplies,San Francisco,United States,SP-206204,Stefania Perrino,North America - US,12/9/2013,CA-2013-131289,Medium,OFF-AR-10003056,Newell 341,2.4824,2,9,Corporate,12/15/2013,Standard Class,0.73,California,Art,50,6,North America - US - West,December,4,2013,Low Sales,North America - US|United States|North America - US - West|California|San Francisco
Office Supplies,San Francisco,United States,CM-123854,Christopher Martinez,North America - US,1/4/2014,CA-2014-111738,Medium,OFF-AR-10000817,Manco Dry-Lighter Erasable Highlighter,3.1008,3,9,Consumer,1/8/2014,Standard Class,0.59,California,Art,1,4,North America - US - West,January,1,2014,Low Sales,North America - US|United States|North America - US - West|California|San Francisco
Office Supplies,San Francisco,United States,LS-169454,Linda Southworth,North America - US,1/13/2014,CA-2014-108000,Medium,OFF-EN-10002621,Staples,4.89,1,10,Corporate,1/17/2014,Standard Class,0.42,California,Envelopes,3,4,North America - US - West,January,1,2014,Low Sales,North America - US|United States|North America - US - West|California|San Francisco
Office Supplies,San Francisco,United States,TM-210104,Tamara Manning,North America - US,1/21/2014,CA-2014-144589,Medium,OFF-AR-10003631,Staples,7.986,5,24,Consumer,1/26/2014,Standard Class,1.07,California,Art,4,5,North America - US - West,January,1,2014,Low Sales,North America - US|United States|North America - US - West|California|San Francisco
Office Supplies,San Francisco,United States,CJ-120104,Caroline Jumper,North America - US,1/27/2014,CA-2014-150469,Medium,OFF-FA-10000611,Binder Clips by OIC,5.6832,8,12,Consumer,1/31/2014,Standard Class,1,California,Fasteners,5,4,North America - US - West,January,1,2014,Low Sales,North America - US|United States|North America - US - West|California|San Francisco
Office Supplies,San Francisco,United States,VG-217904,Vivek Gonzalez,North America - US,1/30/2014,CA-2014-139304,High,OFF-AR-10001216,Newell 339,2.1684,3,8,Consumer,2/3/2014,Standard Class,1.08,California,Art,5,4,North America - US - West,January,1,2014,Low Sales,North America - US|United States|North America - US - West|California|San Francisco
Office Supplies,San Francisco,United States,VG-217904,Vivek Gonzalez,North America - US,1/30/2014,CA-2014-139304,High,OFF-SU-10001664,Acme Office Executive Series Stainless Steel Trimmers,2.2282,1,9,Consumer,2/3/2014,Standard Class,0.19,California,Supplies,5,4,North America - US - West,January,1,2014,Low Sales,North America - US|United States|North America - US - West|California|San Francisco
Office Supplies,San Francisco,United States,MM-179204,Michael Moore,North America - US,1/31/2014,CA-2014-164329,Medium,OFF-ST-10001511,Space Solutions Commercial Steel Shelving,6.465,2,129,Consumer,1/31/2014,Same Day,6.57,California,Storage,5,0,North America - US - West,January,1,2014,Medium Sales,North America - US|United States|North America - US - West|California|San Francisco
Office Supplies,San Francisco,United States,EH-141254,Eugene Hildebrand,North America - US,1/31/2014,CA-2014-112725,Low,OFF-AR-10003759,"Crayola Anti Dust Chalk, 12/Pack",5.733,7,13,Home Office,2/7/2014,Standard Class,1.36,California,Art,5,7,North America - US - West,January,1,2014,Low Sales,North America - US|United States|North America - US - West|California|San Francisco
Office Supplies,San Francisco,United States,EH-141254,Eugene Hildebrand,North America - US,1/31/2014,CA-2014-112725,Low,OFF-AR-10001227,Newell 338,2.3814,3,9,Home Office,2/7/2014,Standard Class,1.69,California,Art,5,7,North America - US - West,January,1,2014,Low Sales,North America - US|United States|North America - US - West|California|San Francisco
Office Supplies,San Francisco,United States,SH-199754,Sally Hughsby,North America - US,3/7/2014,CA-2014-125101,High,OFF-ST-10000675,"File Shuttle II and Handi-File, Black",16.945,2,68,Corporate,3/11/2014,Second Class,4.24,California,Storage,10,4,North America - US - West,March,1,2014,Low Sales,North America - US|United States|North America - US - West|California|San Francisco
Office Supplies,San Francisco,United States,FC-142454,Frank Carlisle,North America - US,3/7/2014,CA-2014-167640,Medium,OFF-AR-10003158,Fluorescent Highlighters by Dixon,8.1192,6,24,Home Office,3/11/2014,Standard Class,1.72,California,Art,10,4,North America - US - West,March,1,2014,Low Sales,North America - US|United States|North America - US - West|California|San Francisco
Office Supplies,San Francisco,United States,FC-142454,Frank Carlisle,North America - US,3/7/2014,CA-2014-167640,Medium,OFF-LA-10004559,Avery 49,5.6448,4,12,Home Office,3/11/2014,Standard Class,0.53,California,Labels,10,4,North America - US - West,March,1,2014,Low Sales,North America - US|United States|North America - US - West|California|San Francisco
Office Supplies,San Francisco,United States,BS-113804,Bill Stewart,North America - US,3/13/2014,CA-2014-116288,High,OFF-ST-10000736,Carina Double Wide Media Storage Towers in Natural & Black,9.7176,3,243,Corporate,3/18/2014,Standard Class,39.81,California,Storage,11,5,North America - US - West,March,1,2014,Medium Sales,North America - US|United States|North America - US - West|California|San Francisco
Office Supplies,San Francisco,United States,MS-173654,Maribeth Schnelling,North America - US,4/2/2014,CA-2014-147942,High,OFF-LA-10003663,Avery 498,2.7166,2,6,Consumer,4/6/2014,Standard Class,0.39,California,Labels,14,4,North America - US - West,April,2,2014,Low Sales,North America - US|United States|North America - US - West|California|San Francisco
Office Supplies,San Francisco,United States,JO-155504,Jesus Ocampo,North America - US,4/17/2014,US-2014-138086,High,OFF-AP-10000027,Hoover Commercial SteamVac,12.222,3,41,Home Office,4/21/2014,Standard Class,1.74,California,Appliances,16,4,North America - US - West,April,2,2014,Low Sales,North America - US|United States|North America - US - West|California|San Francisco
Office Supplies,San Francisco,United States,DJ-135104,Don Jones,North America - US,5/1/2014,CA-2014-137876,High,OFF-EN-10001219,"#10- 4 1/8"" x 9 1/2"" Security-Tint Envelopes",14.9744,4,31,Corporate,5/6/2014,Standard Class,3.68,California,Envelopes,18,5,North America - US - West,May,2,2014,Low Sales,North America - US|United States|North America - US - West|California|San Francisco
Office Supplies,San Francisco,United States,MK-181604,Mike Kennedy,North America - US,5/4/2014,CA-2014-163209,Medium,OFF-AR-10003651,Newell 350,6.6584,7,23,Consumer,5/8/2014,Standard Class,0.3,California,Art,19,4,North America - US - West,May,2,2014,Low Sales,North America - US|United States|North America - US - West|California|San Francisco
Office Supplies,San Francisco,United States,DK-129854,Darren Koutras,North America - US,5/6/2014,US-2014-141943,High,OFF-EN-10003448,"Peel & Seel Recycled Catalog Envelopes, Brown",11.58,2,23,Consumer,5/10/2014,Standard Class,3.08,California,Envelopes,19,4,North America - US - West,May,2,2014,Low Sales,North America - US|United States|North America - US - West|California|San Francisco
Office Supplies,San Francisco,United States,MM-180554,Michelle Moray,North America - US,5/9/2014,US-2014-104451,High,OFF-AP-10000692,Fellowes Mighty 8 Compact Surge Protector,22.7024,4,81,Consumer,5/13/2014,Second Class,9.98,California,Appliances,19,4,North America - US - West,May,2,2014,Low Sales,North America - US|United States|North America - US - West|California|San Francisco
Office Supplies,San Francisco,United States,CS-121754,Charles Sheldon,North America - US,5/13/2014,CA-2014-117632,Medium,OFF-AP-10004868,Hoover Commercial Soft Guard Upright Vacuum And Disposable Filtration Bags,2.0979,1,8,Corporate,5/19/2014,Standard Class,0.36,California,Appliances,20,6,North America - US - West,May,2,2014,Low Sales,North America - US|United States|North America - US - West|California|San Francisco
Office Supplies,San Francisco,United States,CS-121754,Charles Sheldon,North America - US,5/13/2014,CA-2014-117632,Medium,OFF-SU-10000157,Compact Automatic Electric Letter Opener,4.7724,2,239,Corporate,5/19/2014,Standard Class,6.9,California,Supplies,20,6,North America - US - West,May,2,2014,Medium Sales,North America - US|United States|North America - US - West|California|San Francisco
Office Supplies,San Francisco,United States,RB-197954,Ross Baird,North America - US,5/14/2014,CA-2014-100748,Medium,OFF-LA-10000240,Self-Adhesive Address Labels for Typewriters by Universal,27.4856,8,58,Home Office,5/21/2014,Standard Class,5.81,California,Labels,20,7,North America - US - West,May,2,2014,Low Sales,North America - US|United States|North America - US - West|California|San Francisco
Office Supplies,San Francisco,United States,BC-111254,Becky Castell,North America - US,5/20/2014,CA-2014-113530,Medium,OFF-AR-10001315,Newell 310,1.0208,2,4,Home Office,5/22/2014,Second Class,0.19,California,Art,21,2,North America - US - West,May,2,2014,Low Sales,North America - US|United States|North America - US - West|California|San Francisco
Office Supplies,San Francisco,United States,BC-111254,Becky Castell,North America - US,5/20/2014,CA-2014-113530,Medium,OFF-AR-10000122,Newell 314,1.395,1,6,Home Office,5/22/2014,Second Class,0.41,California,Art,21,2,North America - US - West,May,2,2014,Low Sales,North America - US|United States|North America - US - West|California|San Francisco
Office Supplies,San Francisco,United States,VF-217154,Vicky Freymann,North America - US,5/23/2014,CA-2014-130106,High,OFF-AR-10003732,Newell 333,0.7228,1,3,Home Office,5/27/2014,Standard Class,0.33,California,Art,21,4,North America - US - West,May,2,2014,Low Sales,North America - US|United States|North America - US - West|California|San Francisco
Office Supplies,San Francisco,United States,VF-217154,Vicky Freymann,North America - US,5/23/2014,CA-2014-130106,High,OFF-AR-10003651,Newell 350,2.8536,3,10,Home Office,5/27/2014,Standard Class,1.66,California,Art,21,4,North America - US - West,May,2,2014,Low Sales,North America - US|United States|North America - US - West|California|San Francisco
Office Supplies,San Francisco,United States,GH-144104,Gary Hansen,North America - US,6/7/2014,US-2014-131849,High,OFF-ST-10002957,Sterilite Show Offs Storage Containers,0,5,26,Home Office,6/11/2014,Standard Class,3.62,California,Storage,23,4,North America - US - West,June,2,2014,Low Sales,North America - US|United States|North America - US - West|California|San Francisco
Office Supplies,San Francisco,United States,KT-164804,Kean Thornton,North America - US,6/25/2014,CA-2014-159107,Critical,OFF-FA-10001332,"Acco Banker's Clasps, 5 3/4""-Long",1.3536,1,3,Consumer,6/27/2014,Second Class,0.39,California,Fasteners,26,2,North America - US - West,June,2,2014,Low Sales,North America - US|United States|North America - US - West|California|San Francisco
Office Supplies,San Francisco,United States,MH-176204,Matt Hagelstein,North America - US,7/29/2014,CA-2014-130841,High,OFF-ST-10001580,Super Decoflex Portable Personal File,4.1944,1,15,Corporate,8/2/2014,Standard Class,1.62,California,Storage,31,4,North America - US - West,July,3,2014,Low Sales,North America - US|United States|North America - US - West|California|San Francisco
Office Supplies,San Francisco,United States,EC-140504,Erin Creighton,North America - US,8/1/2014,CA-2014-161102,High,OFF-ST-10003442,Eldon Portable Mobile Manager,15.2712,2,57,Consumer,8/4/2014,First Class,6.74,California,Storage,31,3,North America - US - West,August,3,2014,Low Sales,North America - US|United States|North America - US - West|California|San Francisco
Office Supplies,San Francisco,United States,EM-139604,Eric Murdock,North America - US,8/2/2014,CA-2014-168942,Medium,OFF-ST-10004340,"Fellowes Mobile File Cart, Black",50.3658,3,187,Consumer,8/6/2014,Second Class,7.56,California,Storage,31,4,North America - US - West,August,3,2014,Medium Sales,North America - US|United States|North America - US - West|California|San Francisco
Office Supplies,San Francisco,United States,BD-117254,Bruce Degenhardt,North America - US,8/4/2014,CA-2014-168396,Medium,OFF-LA-10001297,Avery 473,24.84,5,52,Consumer,8/9/2014,Second Class,1.41,California,Labels,32,5,North America - US - West,August,3,2014,Low Sales,North America - US|United States|North America - US - West|California|San Francisco
Office Supplies,San Francisco,United States,JK-153704,Jay Kimmel,North America - US,8/14/2014,US-2014-103828,High,OFF-AP-10004249,Staples,22.6233,7,84,Consumer,8/14/2014,Same Day,7.79,California,Appliances,33,0,North America - US - West,August,3,2014,Low Sales,North America - US|United States|North America - US - West|California|San Francisco
Office Supplies,San Francisco,United States,JK-153704,Jay Kimmel,North America - US,8/14/2014,US-2014-103828,High,OFF-AR-10000588,Newell 345,15.4752,3,60,Consumer,8/14/2014,Same Day,8.59,California,Art,33,0,North America - US - West,August,3,2014,Low Sales,North America - US|United States|North America - US - West|California|San Francisco
Office Supplies,San Francisco,United States,JK-153704,Jay Kimmel,North America - US,8/14/2014,US-2014-103828,High,OFF-ST-10001325,Sterilite Officeware Hinged File Box,8.4888,3,31,Consumer,8/14/2014,Same Day,5.67,California,Storage,33,0,North America - US - West,August,3,2014,Low Sales,North America - US|United States|North America - US - West|California|San Francisco
Office Supplies,San Francisco,United States,JK-153704,Jay Kimmel,North America - US,8/14/2014,US-2014-103828,High,OFF-SU-10000946,Staples,9.2568,4,32,Consumer,8/14/2014,Same Day,5.4,California,Supplies,33,0,North America - US - West,August,3,2014,Low Sales,North America - US|United States|North America - US - West|California|San Francisco
Office Supplies,San Francisco,United States,NP-187004,Nora Preis,North America - US,8/15/2014,CA-2014-169264,High,OFF-AR-10000246,Newell 318,4.3368,6,17,Consumer,8/17/2014,Second Class,2.26,California,Art,33,2,North America - US - West,August,3,2014,Low Sales,North America - US|United States|North America - US - West|California|San Francisco
Office Supplies,San Francisco,United States,NP-187004,Nora Preis,North America - US,8/15/2014,CA-2014-169264,High,OFF-LA-10001613,Avery File Folder Labels,2.8224,2,6,Consumer,8/17/2014,Second Class,0.83,California,Labels,33,2,North America - US - West,August,3,2014,Low Sales,North America - US|United States|North America - US - West|California|San Francisco
Office Supplies,San Francisco,United States,LR-170354,Lisa Ryan,North America - US,8/21/2014,CA-2014-119011,High,OFF-ST-10000777,"Companion Letter/Legal File, Black",63.4368,6,227,Corporate,8/26/2014,Standard Class,9.08,California,Storage,34,5,North America - US - West,August,3,2014,Medium Sales,North America - US|United States|North America - US - West|California|San Francisco
Office Supplies,San Francisco,United States,LR-170354,Lisa Ryan,North America - US,8/21/2014,CA-2014-119011,High,OFF-SU-10004768,Acme Kleencut Forged Steel Scissors,5.166,3,17,Corporate,8/26/2014,Standard Class,1.85,California,Supplies,34,5,North America - US - West,August,3,2014,Low Sales,North America - US|United States|North America - US - West|California|San Francisco
Office Supplies,San Francisco,United States,MS-177704,Maxwell Schwartz,North America - US,9/1/2014,CA-2014-132619,Medium,OFF-ST-10001511,Space Solutions Commercial Steel Shelving,9.6975,3,194,Consumer,9/6/2014,Standard Class,12.65,California,Storage,36,5,North America - US - West,September,3,2014,Medium Sales,North America - US|United States|North America - US - West|California|San Francisco
Office Supplies,San Francisco,United States,PF-192254,Phillip Flathmann,North America - US,9/3/2014,CA-2014-110380,High,OFF-AR-10000422,Pencil and Crayon Sharpener,1.7739,3,7,Consumer,9/8/2014,Standard Class,0.6,California,Art,36,5,North America - US - West,September,3,2014,Low Sales,North America - US|United States|North America - US - West|California|San Francisco
Office Supplies,San Francisco,United States,AG-103004,Aleksandra Gannaway,North America - US,9/4/2014,CA-2014-161823,High,OFF-AR-10002053,"Premium Writing Pencils, Soft, #2 by Central Association for the Blind",1.6688,2,6,Corporate,9/9/2014,Standard Class,0.56,California,Art,36,5,North America - US - West,September,3,2014,Low Sales,North America - US|United States|North America - US - West|California|San Francisco
Office Supplies,San Francisco,United States,CB-120254,Cassandra Brandow,North America - US,9/12/2014,CA-2014-144484,High,OFF-AP-10004487,Kensington 4 Outlet MasterPiece Compact Power Control Center,113.848,5,407,Consumer,9/12/2014,Same Day,106.72,California,Appliances,37,0,North America - US - West,September,3,2014,Medium Sales,North America - US|United States|North America - US - West|California|San Francisco
Office Supplies,San Francisco,United States,RD-194804,Rick Duston,North America - US,9/16/2014,US-2014-116652,High,OFF-AP-10001205,Belkin 5 Outlet SurgeMaster Power Centers,30.5088,2,109,Consumer,9/20/2014,Standard Class,12.72,California,Appliances,38,4,North America - US - West,September,3,2014,Medium Sales,North America - US|United States|North America - US - West|California|San Francisco
Office Supplies,San Francisco,United States,RD-194804,Rick Duston,North America - US,9/16/2014,US-2014-116652,High,OFF-AR-10001915,Peel-Off China Markers,41.706,10,99,Consumer,9/20/2014,Standard Class,13.29,California,Art,38,4,North America - US - West,September,3,2014,Low Sales,North America - US|United States|North America - US - West|California|San Francisco
Office Supplies,San Francisco,United States,CY-127454,Craig Yedwab,North America - US,9/17/2014,CA-2014-130715,High,OFF-FA-10000621,"OIC Colored Binder Clips, Assorted Sizes",8.771,5,18,Corporate,9/21/2014,Standard Class,2.03,California,Fasteners,38,4,North America - US - West,September,3,2014,Low Sales,North America - US|United States|North America - US - West|California|San Francisco
Office Supplies,San Francisco,United States,SH-199754,Sally Hughsby,North America - US,9/19/2014,CA-2014-106180,Medium,OFF-AR-10000940,Newell 343,2.3814,3,9,Corporate,9/24/2014,Standard Class,0.87,California,Art,38,5,North America - US - West,September,3,2014,Low Sales,North America - US|United States|North America - US - West|California|San Francisco
Office Supplies,San Francisco,United States,SH-199754,Sally Hughsby,North America - US,9/19/2014,CA-2014-106180,Medium,OFF-EN-10004030,Convenience Packs of Business Envelopes,5.1042,3,11,Corporate,9/24/2014,Standard Class,1.18,California,Envelopes,38,5,North America - US - West,September,3,2014,Low Sales,North America - US|United States|North America - US - West|California|San Francisco
Office Supplies,San Francisco,United States,BS-117554,Bruce Stewart,North America - US,9/24/2014,CA-2014-123778,Medium,OFF-AP-10001242,APC 7 Outlet Network SurgeArrest Surge Protector,48.288,2,161,Consumer,10/1/2014,Standard Class,9.44,California,Appliances,39,7,North America - US - West,September,3,2014,Medium Sales,North America - US|United States|North America - US - West|California|San Francisco
Office Supplies,San Francisco,United States,NK-184904,Neil Knudson,North America - US,9/25/2014,CA-2014-130148,Medium,OFF-SU-10001574,Acme Value Line Scissors,2.19,2,7,Home Office,9/29/2014,Second Class,0.55,California,Supplies,39,4,North America - US - West,September,3,2014,Low Sales,North America - US|United States|North America - US - West|California|San Francisco
Office Supplies,San Francisco,United States,RA-198854,Ruben Ausman,North America - US,9/27/2014,US-2014-106145,Medium,OFF-EN-10001028,Staples,33.0648,6,72,Corporate,9/27/2014,Same Day,6.98,California,Envelopes,39,0,North America - US - West,September,3,2014,Low Sales,North America - US|United States|North America - US - West|California|San Francisco
Office Supplies,San Francisco,United States,FG-142604,Frank Gastineau,North America - US,10/16/2014,CA-2014-106033,High,OFF-AR-10002818,Panasonic KP-310 Heavy-Duty Electric Pencil Sharpener,26.376,4,88,Home Office,10/19/2014,Second Class,5.47,California,Art,42,3,North America - US - West,October,4,2014,Low Sales,North America - US|United States|North America - US - West|California|San Francisco
Office Supplies,San Francisco,United States,HH-150104,Hilary Holden,North America - US,10/20/2014,CA-2014-131492,Medium,OFF-EN-10002973,Ampad #10 Peel & Seel Holiday Envelopes,4.3008,2,9,Corporate,10/25/2014,Second Class,0.62,California,Envelopes,43,5,North America - US - West,October,4,2014,Low Sales,North America - US|United States|North America - US - West|California|San Francisco
Office Supplies,San Francisco,United States,HH-150104,Hilary Holden,North America - US,10/20/2014,CA-2014-131492,Medium,OFF-LA-10001641,Avery 518,15.12,10,32,Corporate,10/25/2014,Second Class,2.24,California,Labels,43,5,North America - US - West,October,4,2014,Low Sales,North America - US|United States|North America - US - West|California|San Francisco
Office Supplies,San Francisco,United States,JK-152054,Jamie Kunitz,North America - US,10/31/2014,CA-2014-123491,Medium,OFF-AP-10002684,"Acco 7-Outlet Masterpiece Power Center, Wihtout Fax/Phone Line Protection",510.636,14,1702,Consumer,11/6/2014,Standard Class,107.69,California,Appliances,44,6,North America - US - West,October,4,2014,High Sales,North America - US|United States|North America - US - West|California|San Francisco
Office Supplies,San Francisco,United States,JK-152054,Jamie Kunitz,North America - US,10/31/2014,CA-2014-123491,Medium,OFF-AR-10003514,4009 Highlighters by Sanford,6.567,5,20,Consumer,11/6/2014,Standard Class,2.04,California,Art,44,6,North America - US - West,October,4,2014,Low Sales,North America - US|United States|North America - US - West|California|San Francisco
Office Supplies,San Francisco,United States,JK-152054,Jamie Kunitz,North America - US,10/31/2014,CA-2014-123491,Medium,OFF-LA-10003077,Avery 500,20.6142,6,44,Consumer,11/6/2014,Standard Class,5.05,California,Labels,44,6,North America - US - West,October,4,2014,Low Sales,North America - US|United States|North America - US - West|California|San Francisco
Office Supplies,San Francisco,United States,FM-142904,Frank Merwin,North America - US,11/7/2014,US-2014-153948,Critical,OFF-LA-10000414,Avery 503,19.872,4,41,Home Office,11/7/2014,Same Day,10.06,California,Labels,45,0,North America - US - West,November,4,2014,Low Sales,North America - US|United States|North America - US - West|California|San Francisco
Office Supplies,San Francisco,United States,PJ-188354,Patrick Jones,North America - US,11/22/2014,CA-2014-105130,High,OFF-AR-10003394,Newell 332,3.1752,4,12,Corporate,11/26/2014,Standard Class,0.62,California,Art,47,4,North America - US - West,November,4,2014,Low Sales,North America - US|United States|North America - US - West|California|San Francisco
Office Supplies,San Francisco,United States,PG-188204,Patrick Gardner,North America - US,11/25/2014,CA-2014-123701,Medium,OFF-AR-10001860,BIC Liqua Brite Liner,9.9936,4,28,Consumer,11/28/2014,First Class,7.03,California,Art,48,3,North America - US - West,November,4,2014,Low Sales,North America - US|United States|North America - US - West|California|San Francisco
Office Supplies,San Francisco,United States,BD-115004,Bradley Drucker,North America - US,11/26/2014,US-2014-133312,Medium,OFF-ST-10001325,Sterilite Officeware Hinged File Box,2.8296,1,10,Consumer,11/30/2014,Standard Class,0.66,California,Storage,48,4,North America - US - West,November,4,2014,Low Sales,North America - US|United States|North America - US - West|California|San Francisco
Office Supplies,San Francisco,United States,TZ-215804,Tracy Zic,North America - US,11/26/2014,CA-2014-101665,Medium,OFF-AR-10002335,DIXON Oriole Pencils,1.3416,2,5,Consumer,12/2/2014,Standard Class,0.47,California,Art,48,6,North America - US - West,November,4,2014,Low Sales,North America - US|United States|North America - US - West|California|San Francisco
Office Supplies,San Francisco,United States,VW-217754,Victoria Wilson,North America - US,12/3/2014,CA-2014-116715,High,OFF-ST-10004340,"Fellowes Mobile File Cart, Black",151.0974,9,560,Corporate,12/6/2014,First Class,185.31,California,Storage,49,3,North America - US - West,December,4,2014,High Sales,North America - US|United States|North America - US - West|California|San Francisco
Office Supplies,San Francisco,United States,KH-165104,Keith Herrera,North America - US,12/9/2014,CA-2014-117457,Medium,OFF-LA-10003766,Self-Adhesive Removable Labels,13.608,9,28,Consumer,12/13/2014,Standard Class,2.07,California,Labels,50,4,North America - US - West,December,4,2014,Low Sales,North America - US|United States|North America - US - West|California|San Francisco
Office Supplies,San Francisco,United States,AS-102254,Alan Schoenberger,North America - US,12/9/2014,CA-2014-117926,High,OFF-AP-10002670,Belkin 8-Outlet Premiere SurgeMaster II Surge Protectors,20.844,1,69,Corporate,12/13/2014,Second Class,12.04,California,Appliances,50,4,North America - US - West,December,4,2014,Low Sales,North America - US|United States|North America - US - West|California|San Francisco
Office Supplies,San Francisco,United States,DM-133454,Denise Monton,North America - US,12/9/2014,CA-2014-108854,Low,OFF-ST-10001837,"SAFCO Mobile Desk Side File, Wire Frame",11.1176,1,43,Corporate,12/15/2014,Standard Class,6.21,California,Storage,50,6,North America - US - West,December,4,2014,Low Sales,North America - US|United States|North America - US - West|California|San Francisco
Office Supplies,San Francisco,United States,EP-139154,Emily Phan,North America - US,12/14/2014,CA-2014-122770,Medium,OFF-LA-10004559,Avery 49,4.2336,3,9,Consumer,12/19/2014,Standard Class,0.57,California,Labels,51,5,North America - US - West,December,4,2014,Low Sales,North America - US|United States|North America - US - West|California|San Francisco
Office Supplies,San Francisco,United States,TT-214604,Tonja Turnell,North America - US,12/19/2014,CA-2014-158736,Low,OFF-AR-10002578,Newell 335,1.6704,2,6,Home Office,12/25/2014,Standard Class,0.59,California,Art,51,6,North America - US - West,December,4,2014,Low Sales,North America - US|United States|North America - US - West|California|San Francisco
Office Supplies,San Francisco,United States,GZ-144704,Gary Zandusky,North America - US,12/24/2014,US-2014-123463,Critical,OFF-AR-10001118,"Binney & Smith Crayola Metallic Crayons, 16-Color Pack",5.9312,4,13,Consumer,12/24/2014,Same Day,2.1,California,Art,52,0,North America - US - West,December,4,2014,Low Sales,North America - US|United States|North America - US - West|California|San Francisco
Office Supplies,San Francisco,United States,KH-166904,Kristen Hastings,North America - US,12/29/2014,CA-2014-163979,High,OFF-ST-10003208,Adjustable Depth Letter/Legal Cart,210.4936,4,726,Corporate,1/3/2015,Second Class,156.45,California,Storage,53,5,North America - US - West,December,4,2014,High Sales,North America - US|United States|North America - US - West|California|San Francisco
Office Supplies,San Francisco,United States,NM-184454,Nathan Mautz,North America - US,4/23/2011,CA-2011-111857,Medium,OFF-PA-10001878,Xerox 1891,22.9877,1,49,Home Office,4/26/2011,Second Class,4.34,California,Paper,17,3,North America - US - West,April,2,2011,Low Sales,North America - US|United States|North America - US - West|California|San Francisco
Office Supplies,San Francisco,United States,DS-130304,Darrin Sayre,North America - US,7/9/2011,CA-2011-113271,Medium,OFF-PA-10002365,Xerox 1967,15.552,5,32,Home Office,7/14/2011,Standard Class,2.14,California,Paper,28,5,North America - US - West,July,3,2011,Low Sales,North America - US|United States|North America - US - West|California|San Francisco
Office Supplies,San Francisco,United States,RD-197204,Roger Demir,North America - US,7/20/2011,CA-2011-157546,High,OFF-PA-10004569,"Wirebound Message Books, Two 4 1/4"" x 5"" Forms per Page",10.7301,3,23,Consumer,7/22/2011,First Class,6.37,California,Paper,30,2,North America - US - West,July,3,2011,Low Sales,North America - US|United States|North America - US - West|California|San Francisco
Office Supplies,San Francisco,United States,BD-116054,Brian Dahlen,North America - US,8/15/2011,US-2011-164406,High,OFF-PA-10000167,Xerox 1925,41.823,3,93,Consumer,8/19/2011,Standard Class,9.38,California,Paper,34,4,North America - US - West,August,3,2011,Low Sales,North America - US|United States|North America - US - West|California|San Francisco
Office Supplies,San Francisco,United States,HH-150104,Hilary Holden,North America - US,8/29/2011,CA-2011-135699,Medium,OFF-PA-10004475,Xerox 1940,53.8608,2,110,Corporate,8/29/2011,Same Day,6.2,California,Paper,36,0,North America - US - West,August,3,2011,Medium Sales,North America - US|United States|North America - US - West|California|San Francisco
Office Supplies,San Francisco,United States,HH-150104,Hilary Holden,North America - US,8/29/2011,CA-2011-135699,Medium,OFF-PA-10003001,Xerox 1986,6.4128,2,13,Corporate,8/29/2011,Same Day,2.21,California,Paper,36,0,North America - US - West,August,3,2011,Low Sales,North America - US|United States|North America - US - West|California|San Francisco
Office Supplies,San Francisco,United States,ES-140204,Erica Smith,North America - US,9/20/2011,CA-2011-156433,Medium,OFF-PA-10003724,"Wirebound Message Book, 4 per Page",10.6428,4,22,Consumer,9/26/2011,Standard Class,1.23,California,Paper,39,6,North America - US - West,September,3,2011,Low Sales,North America - US|United States|North America - US - West|California|San Francisco
Office Supplies,San Francisco,United States,HF-149954,Herbert Flentye,North America - US,9/21/2011,CA-2011-153969,High,OFF-PA-10002246,"Wirebound Four 2-3/4 x 5 Forms per Page, 400 Sets per Book",9.4815,3,19,Consumer,9/25/2011,Standard Class,2.46,California,Paper,39,4,North America - US - West,September,3,2011,Low Sales,North America - US|United States|North America - US - West|California|San Francisco
Office Supplies,San Francisco,United States,HF-149954,Herbert Flentye,North America - US,9/21/2011,CA-2011-153969,High,OFF-PA-10000327,Xerox 1971,17.334,9,39,Consumer,9/25/2011,Standard Class,2.59,California,Paper,39,4,North America - US - West,September,3,2011,Low Sales,North America - US|United States|North America - US - West|California|San Francisco
Office Supplies,San Francisco,United States,RP-192704,Rachel Payne,North America - US,10/19/2011,CA-2011-155264,Medium,OFF-PA-10003228,Xerox 1917,68.9631,3,147,Corporate,10/22/2011,Second Class,7.86,California,Paper,43,3,North America - US - West,October,4,2011,Medium Sales,North America - US|United States|North America - US - West|California|San Francisco
Office Supplies,San Francisco,United States,JP-155204,Jeremy Pistek,North America - US,11/9/2011,CA-2011-144666,Critical,OFF-PA-10001509,"Recycled Desk Saver Line ""While You Were Out"" Book, 5 1/2"" X 4""",28.819,7,63,Consumer,11/11/2011,Second Class,21.97,California,Paper,46,2,North America - US - West,November,4,2011,Low Sales,North America - US|United States|North America - US - West|California|San Francisco
Office Supplies,San Francisco,United States,JP-155204,Jeremy Pistek,North America - US,11/9/2011,CA-2011-144666,Critical,OFF-PA-10003465,Xerox 1912,45.528,5,95,Consumer,11/11/2011,Second Class,28.78,California,Paper,46,2,North America - US - West,November,4,2011,Low Sales,North America - US|United States|North America - US - West|California|San Francisco
Office Supplies,San Francisco,United States,TS-212054,Thomas Seio,North America - US,11/17/2011,CA-2011-140662,High,OFF-PA-10003395,Xerox 1941,352.296,7,734,Corporate,11/19/2011,First Class,121.19,California,Paper,47,2,North America - US - West,November,4,2011,High Sales,North America - US|United States|North America - US - West|California|San Francisco
Office Supplies,San Francisco,United States,GR-145604,Georgia Rosenberg,North America - US,11/21/2011,CA-2011-103401,Medium,OFF-PA-10003309,Xerox 211,6.2208,2,13,Corporate,11/26/2011,Standard Class,0.67,California,Paper,48,5,North America - US - West,November,4,2011,Low Sales,North America - US|United States|North America - US - West|California|San Francisco
Office Supplies,San Francisco,United States,SC-206804,Steve Carroll,North America - US,11/21/2011,CA-2011-154781,Medium,OFF-PA-10001609,Tops Wirebound Message Log Books,3.0268,2,7,Home Office,11/26/2011,Standard Class,0.25,California,Paper,48,5,North America - US - West,November,4,2011,Low Sales,North America - US|United States|North America - US - West|California|San Francisco
Office Supplies,San Francisco,United States,LS-169754,Lindsay Shagiari,North America - US,11/26/2011,US-2011-147648,Medium,OFF-PA-10001033,Xerox 1893,40.1702,2,82,Home Office,12/1/2011,Standard Class,3.37,California,Paper,48,5,North America - US - West,November,4,2011,Low Sales,North America - US|United States|North America - US - West|California|San Francisco
Office Supplies,San Francisco,United States,EH-140054,Erica Hernandez,North America - US,12/7/2011,CA-2011-154592,Critical,OFF-PA-10000062,Green Bar Computer Printout Paper,80.7912,3,165,Home Office,12/8/2011,First Class,61.23,California,Paper,50,1,North America - US - West,December,4,2011,Medium Sales,North America - US|United States|North America - US - West|California|San Francisco
Office Supplies,San Francisco,United States,CK-127604,Cyma Kinney,North America - US,12/9/2011,CA-2011-104976,Medium,OFF-PA-10003845,Xerox 1987,16.9932,6,35,Corporate,12/16/2011,Standard Class,2.88,California,Paper,50,7,North America - US - West,December,4,2011,Low Sales,North America - US|United States|North America - US - West|California|San Francisco
Office Supplies,San Francisco,United States,JF-154904,Jeremy Farry,North America - US,12/27/2011,US-2011-106334,Medium,OFF-PA-10003657,Xerox 1927,5.778,3,13,Consumer,1/2/2012,Standard Class,0.98,California,Paper,53,6,North America - US - West,December,4,2011,Low Sales,North America - US|United States|North America - US - West|California|San Francisco
Office Supplies,San Francisco,United States,AJ-107954,Anthony Johnson,North America - US,12/29/2011,CA-2011-110786,High,OFF-PA-10000528,Xerox 1981,9.504,4,21,Corporate,1/2/2012,Standard Class,2.5,California,Paper,53,4,North America - US - West,December,4,2011,Low Sales,North America - US|United States|North America - US - West|California|San Francisco
Office Supplies,San Francisco,United States,GA-145154,George Ashbrook,North America - US,4/17/2012,CA-2012-155306,High,OFF-PA-10001184,Xerox 1903,5.8604,2,12,Consumer,4/21/2012,Standard Class,1.34,California,Paper,16,4,North America - US - West,April,2,2012,Low Sales,North America - US|United States|North America - US - West|California|San Francisco
Office Supplies,San Francisco,United States,CS-125054,Cindy Stewart,North America - US,5/12/2012,CA-2012-159380,Medium,OFF-PA-10004239,Xerox 1953,11.556,6,26,Consumer,5/16/2012,Standard Class,0.58,California,Paper,19,4,North America - US - West,May,2,2012,Low Sales,North America - US|United States|North America - US - West|California|San Francisco
Office Supplies,San Francisco,United States,CS-125054,Cindy Stewart,North America - US,5/12/2012,CA-2012-159380,Medium,OFF-PA-10003893,Xerox 1962,5.778,3,13,Consumer,5/16/2012,Standard Class,1.57,California,Paper,19,4,North America - US - West,May,2,2012,Low Sales,North America - US|United States|North America - US - West|California|San Francisco
Office Supplies,San Francisco,United States,NZ-185654,Nick Zandusky,North America - US,8/21/2012,CA-2012-144267,High,OFF-PA-10000157,Xerox 191,28.1718,3,60,Home Office,8/23/2012,First Class,14.54,California,Paper,34,2,North America - US - West,August,3,2012,Low Sales,North America - US|United States|North America - US - West|California|San Francisco
Office Supplies,San Francisco,United States,NZ-185654,Nick Zandusky,North America - US,8/21/2012,CA-2012-144267,High,OFF-PA-10003657,Xerox 1927,1.926,1,4,Home Office,8/23/2012,First Class,0.68,California,Paper,34,2,North America - US - West,August,3,2012,Low Sales,North America - US|United States|North America - US - West|California|San Francisco
Office Supplies,San Francisco,United States,NZ-185654,Nick Zandusky,North America - US,8/21/2012,CA-2012-144267,High,OFF-PA-10001947,Xerox 1974,11.7208,4,24,Home Office,8/23/2012,First Class,3.28,California,Paper,34,2,North America - US - West,August,3,2012,Low Sales,North America - US|United States|North America - US - West|California|San Francisco
Office Supplies,San Francisco,United States,RH-195104,Rick Huthwaite,North America - US,9/27/2012,CA-2012-167255,High,OFF-PA-10002377,Xerox 1916,73.41,3,147,Home Office,9/29/2012,Second Class,16.78,California,Paper,39,2,North America - US - West,September,3,2012,Medium Sales,North America - US|United States|North America - US - West|California|San Francisco
Office Supplies,San Francisco,United States,RH-195104,Rick Huthwaite,North America - US,9/27/2012,CA-2012-167255,High,OFF-PA-10003441,Xerox 226,6.2208,2,13,Home Office,9/29/2012,Second Class,1.41,California,Paper,39,2,North America - US - West,September,3,2012,Low Sales,North America - US|United States|North America - US - West|California|San Francisco
Office Supplies,San Francisco,United States,DJ-134204,Denny Joy,North America - US,10/10/2012,CA-2012-109736,Medium,OFF-PA-10004101,Xerox 1894,21.7728,7,45,Corporate,10/11/2012,First Class,3.86,California,Paper,41,1,North America - US - West,October,4,2012,Low Sales,North America - US|United States|North America - US - West|California|San Francisco
Office Supplies,San Francisco,United States,NB-186554,Nona Balk,North America - US,10/29/2012,CA-2012-110289,High,OFF-PA-10002986,Xerox 1898,16.032,5,33,Corporate,11/2/2012,Standard Class,2.04,California,Paper,44,4,North America - US - West,October,4,2012,Low Sales,North America - US|United States|North America - US - West|California|San Francisco
Office Supplies,San Francisco,United States,GT-147104,Greg Tran,North America - US,2/19/2013,CA-2013-106460,Critical,OFF-PA-10001736,Xerox 1880,33.3136,2,71,Consumer,2/22/2013,Second Class,11.01,California,Paper,8,3,North America - US - West,February,1,2013,Low Sales,North America - US|United States|North America - US - West|California|San Francisco
Office Supplies,San Francisco,United States,EB-139304,Eric Barreto,North America - US,5/19/2013,CA-2013-122728,Medium,OFF-PA-10004040,Universal Premium White Copier/Laser Paper (20Lb. and 87 Bright),8.7906,3,18,Consumer,5/25/2013,Standard Class,2.22,California,Paper,21,6,North America - US - West,May,2,2013,Low Sales,North America - US|United States|North America - US - West|California|San Francisco
Office Supplies,San Francisco,United States,KC-162554,Karen Carlisle,North America - US,6/20/2013,CA-2013-105760,Medium,OFF-PA-10000350,"Message Book, Standard Line ""While You Were Out"", 5 1/2"" X 4"", 200 Sets/Book",8.0464,2,17,Corporate,6/21/2013,First Class,1.14,California,Paper,25,1,North America - US - West,June,2,2013,Low Sales,North America - US|United States|North America - US - West|California|San Francisco
Office Supplies,San Francisco,United States,RD-199004,Ruben Dartt,North America - US,6/24/2013,CA-2013-140382,High,OFF-PA-10001019,Xerox 1884,9.3906,1,20,Consumer,6/26/2013,Second Class,2.95,California,Paper,26,2,North America - US - West,June,2,2013,Low Sales,North America - US|United States|North America - US - West|California|San Francisco
Office Supplies,San Francisco,United States,GM-146954,Greg Maxwell,North America - US,9/21/2013,CA-2013-100244,High,OFF-PA-10001471,Strathmore Photo Frame Cards,30.2634,9,66,Corporate,9/25/2013,Standard Class,8.25,California,Paper,38,4,North America - US - West,September,3,2013,Low Sales,North America - US|United States|North America - US - West|California|San Francisco
Office Supplies,San Francisco,United States,GM-146954,Greg Maxwell,North America - US,9/21/2013,CA-2013-100244,High,OFF-PA-10002319,Xerox 1944,37.9848,2,78,Corporate,9/25/2013,Standard Class,4.43,California,Paper,38,4,North America - US - West,September,3,2013,Low Sales,North America - US|United States|North America - US - West|California|San Francisco
Office Supplies,San Francisco,United States,DW-135854,Dorothy Wardle,North America - US,9/27/2013,CA-2013-165820,High,OFF-PA-10004735,Xerox 1905,6.2208,2,13,Corporate,10/1/2013,Standard Class,1.13,California,Paper,39,4,North America - US - West,September,3,2013,Low Sales,North America - US|United States|North America - US - West|California|San Francisco
Office Supplies,San Francisco,United States,AS-102854,Alejandro Savely,North America - US,10/29/2013,CA-2013-134775,High,OFF-PA-10004734,Southworth Structures Collection,25.48,7,51,Corporate,10/30/2013,First Class,6.12,California,Paper,44,1,North America - US - West,October,4,2013,Low Sales,North America - US|United States|North America - US - West|California|San Francisco
Office Supplies,San Francisco,United States,CC-124304,Chuck Clark,North America - US,11/11/2013,CA-2013-163384,High,OFF-PA-10003172,Xerox 1996,15.552,5,32,Home Office,11/13/2013,First Class,2.4,California,Paper,46,2,North America - US - West,November,4,2013,Low Sales,North America - US|United States|North America - US - West|California|San Francisco
Office Supplies,San Francisco,United States,MK-181604,Mike Kennedy,North America - US,12/3/2013,US-2013-108455,Medium,OFF-PA-10002464,HP Office Recycled Paper (20Lb. and 87 Bright),19.8254,7,40,Consumer,12/9/2013,Standard Class,3.55,California,Paper,49,6,North America - US - West,December,4,2013,Low Sales,North America - US|United States|North America - US - West|California|San Francisco
Office Supplies,San Francisco,United States,MK-181604,Mike Kennedy,North America - US,12/3/2013,US-2013-108455,Medium,OFF-PA-10002262,Xerox 192,12.4416,4,26,Consumer,12/9/2013,Standard Class,1.37,California,Paper,49,6,North America - US - West,December,4,2013,Low Sales,North America - US|United States|North America - US - West|California|San Francisco
Office Supplies,San Francisco,United States,KT-164654,Kean Takahito,North America - US,12/5/2013,CA-2013-112060,Medium,OFF-PA-10000994,Xerox 1915,50.328,1,105,Consumer,12/10/2013,Standard Class,7.7,California,Paper,49,5,North America - US - West,December,4,2013,Medium Sales,North America - US|United States|North America - US - West|California|San Francisco
Office Supplies,San Francisco,United States,SP-206204,Stefania Perrino,North America - US,12/9/2013,CA-2013-131289,Medium,OFF-PA-10003363,Xerox 204,21.7728,7,45,Corporate,12/15/2013,Standard Class,1.97,California,Paper,50,6,North America - US - West,December,4,2013,Low Sales,North America - US|United States|North America - US - West|California|San Francisco
Office Supplies,San Francisco,United States,SN-205604,Skye Norling,North America - US,2/7/2014,CA-2014-154102,Medium,OFF-PA-10001593,Xerox 1947,13.455,5,30,Home Office,2/14/2014,Standard Class,1.36,California,Paper,6,7,North America - US - West,February,1,2014,Low Sales,North America - US|United States|North America - US - West|California|San Francisco
Office Supplies,San Francisco,United States,FC-142454,Frank Carlisle,North America - US,3/7/2014,CA-2014-167640,Medium,OFF-PA-10001033,Xerox 1893,140.5957,7,287,Home Office,3/11/2014,Standard Class,24.34,California,Paper,10,4,North America - US - West,March,1,2014,Medium Sales,North America - US|United States|North America - US - West|California|San Francisco
Office Supplies,San Francisco,United States,AH-101204,Adrian Hane,North America - US,4/9/2014,CA-2014-150987,High,OFF-PA-10001878,Xerox 1891,114.9385,5,245,Home Office,4/13/2014,Standard Class,25.05,California,Paper,15,4,North America - US - West,April,2,2014,Medium Sales,North America - US|United States|North America - US - West|California|San Francisco
Office Supplies,San Francisco,United States,AH-101204,Adrian Hane,North America - US,4/9/2014,CA-2014-150987,High,OFF-PA-10002923,Xerox 1942,97.88,4,196,Home Office,4/13/2014,Standard Class,34.03,California,Paper,15,4,North America - US - West,April,2,2014,Medium Sales,North America - US|United States|North America - US - West|California|San Francisco
Office Supplies,San Francisco,United States,AD-101804,Alan Dominguez,North America - US,5/1/2014,US-2014-136784,Medium,OFF-PA-10000675,Xerox 1919,80.3404,4,164,Home Office,5/6/2014,Standard Class,7.09,California,Paper,18,5,North America - US - West,May,2,2014,Medium Sales,North America - US|United States|North America - US - West|California|San Francisco
Office Supplies,San Francisco,United States,MK-181604,Mike Kennedy,North America - US,5/4/2014,CA-2014-163209,Medium,OFF-PA-10001166,Xerox 2,12.4416,4,26,Consumer,5/8/2014,Standard Class,1.57,California,Paper,19,4,North America - US - West,May,2,2014,Low Sales,North America - US|United States|North America - US - West|California|San Francisco
Office Supplies,San Francisco,United States,LW-169904,Lindsay Williams,North America - US,5/5/2014,CA-2014-162978,Medium,OFF-PA-10002250,Things To Do Today Pad,8.4528,3,18,Corporate,5/10/2014,Standard Class,1.38,California,Paper,19,5,North America - US - West,May,2,2014,Low Sales,North America - US|United States|North America - US - West|California|San Francisco
Office Supplies,San Francisco,United States,TS-216104,Troy Staebel,North America - US,6/17/2014,CA-2014-105214,Medium,OFF-PA-10001776,"Wirebound Message Books, Four 2 3/4"" x 5"" Forms per Page, 600 Sets per Book",8.7138,2,19,Consumer,6/20/2014,First Class,0.07,California,Paper,25,3,North America - US - West,June,2,2014,Low Sales,North America - US|United States|North America - US - West|California|San Francisco
Office Supplies,San Francisco,United States,GA-145154,George Ashbrook,North America - US,6/20/2014,CA-2014-138870,Medium,OFF-PA-10004438,Xerox 1907,11.5432,2,25,Consumer,6/24/2014,Standard Class,1.36,California,Paper,25,4,North America - US - West,June,2,2014,Low Sales,North America - US|United States|North America - US - West|California|San Francisco
Office Supplies,San Francisco,United States,SH-199754,Sally Hughsby,North America - US,9/19/2014,CA-2014-106180,Medium,OFF-PA-10004327,Xerox 1911,68.976,3,144,Corporate,9/24/2014,Standard Class,15.47,California,Paper,38,5,North America - US - West,September,3,2014,Medium Sales,North America - US|United States|North America - US - West|California|San Francisco
Office Supplies,San Francisco,United States,DB-136154,Doug Bickford,North America - US,9/22/2014,CA-2014-133074,High,OFF-PA-10004082,"Adams Telephone Message Book w/Frequently-Called Numbers Space, 400 Messages per Book",27.93,7,56,Consumer,9/26/2014,Standard Class,3.28,California,Paper,39,4,North America - US - West,September,3,2014,Low Sales,North America - US|United States|North America - US - West|California|San Francisco
Office Supplies,San Francisco,United States,NK-184904,Neil Knudson,North America - US,9/25/2014,CA-2014-130148,Medium,OFF-PA-10000551,Array Memo Cubes,15.2292,6,31,Home Office,9/29/2014,Second Class,3.36,California,Paper,39,4,North America - US - West,September,3,2014,Low Sales,North America - US|United States|North America - US - West|California|San Francisco
Office Supplies,San Francisco,United States,RA-198854,Ruben Ausman,North America - US,9/27/2014,US-2014-106145,Medium,OFF-PA-10002245,Xerox 1895,16.146,6,36,Corporate,9/27/2014,Same Day,0.35,California,Paper,39,0,North America - US - West,September,3,2014,Low Sales,North America - US|United States|North America - US - West|California|San Francisco
Office Supplies,San Francisco,United States,MP-181754,Mike Pelletier,North America - US,10/6/2014,CA-2014-167661,High,OFF-PA-10002581,Xerox 1951,27.882,2,62,Home Office,10/11/2014,Standard Class,8.2,California,Paper,41,5,North America - US - West,October,4,2014,Low Sales,North America - US|United States|North America - US - West|California|San Francisco
Office Supplies,San Francisco,United States,JK-152054,Jamie Kunitz,North America - US,10/31/2014,CA-2014-123491,Medium,OFF-PA-10003424,"""While you Were Out"" Message Book, One Form per Page",3.71,2,7,Consumer,11/6/2014,Standard Class,0.84,California,Paper,44,6,North America - US - West,October,4,2014,Low Sales,North America - US|United States|North America - US - West|California|San Francisco
Office Supplies,San Francisco,United States,PG-188954,Paul Gonzalez,North America - US,11/4/2014,CA-2014-148320,Medium,OFF-PA-10003022,Xerox 1992,17.5812,6,36,Consumer,11/9/2014,Standard Class,3.08,California,Paper,45,5,North America - US - West,November,4,2014,Low Sales,North America - US|United States|North America - US - West|California|San Francisco
Office Supplies,San Francisco,United States,FM-142904,Frank Merwin,North America - US,11/7/2014,US-2014-153948,Critical,OFF-PA-10000143,Astroparche Fine Business Paper,12.672,5,26,Home Office,11/7/2014,Same Day,7.15,California,Paper,45,0,North America - US - West,November,4,2014,Low Sales,North America - US|United States|North America - US - West|California|San Francisco
Office Supplies,San Francisco,United States,FM-142904,Frank Merwin,North America - US,11/7/2014,US-2014-153948,Critical,OFF-PA-10002764,Staples,22.2264,4,45,Home Office,11/7/2014,Same Day,9.4,California,Paper,45,0,North America - US - West,November,4,2014,Low Sales,North America - US|United States|North America - US - West|California|San Francisco
Office Supplies,San Francisco,United States,FM-142904,Frank Merwin,North America - US,11/7/2014,US-2014-153948,Critical,OFF-PA-10000157,Xerox 191,28.1718,3,60,Home Office,11/7/2014,Same Day,16,California,Paper,45,0,North America - US - West,November,4,2014,Low Sales,North America - US|United States|North America - US - West|California|San Francisco
Office Supplies,San Francisco,United States,PR-188804,Patrick Ryan,North America - US,11/25/2014,CA-2014-162250,Medium,OFF-PA-10002137,"Southworth 100% Résumé Paper, 24lb.",3.501,1,8,Consumer,11/25/2014,Same Day,0.35,California,Paper,48,0,North America - US - West,November,4,2014,Low Sales,North America - US|United States|North America - US - West|California|San Francisco
Office Supplies,San Francisco,United States,LW-169904,Lindsay Williams,North America - US,11/28/2014,CA-2014-101245,Medium,OFF-PA-10003129,Tops White Computer Printout Paper,114.9385,5,245,Corporate,12/4/2014,Standard Class,9.13,California,Paper,48,6,North America - US - West,November,4,2014,Medium Sales,North America - US|United States|North America - US - West|California|San Francisco
Office Supplies,San Francisco,United States,VW-217754,Victoria Wilson,North America - US,12/3/2014,CA-2014-116715,High,OFF-PA-10004475,Xerox 1940,53.8608,2,110,Corporate,12/6/2014,First Class,26.87,California,Paper,49,3,North America - US - West,December,4,2014,Medium Sales,North America - US|United States|North America - US - West|California|San Francisco
Office Supplies,San Francisco,United States,VW-217754,Victoria Wilson,North America - US,12/3/2014,CA-2014-116715,High,OFF-PA-10003893,Xerox 1962,3.852,2,9,Corporate,12/6/2014,First Class,1.46,California,Paper,49,3,North America - US - West,December,4,2014,Low Sales,North America - US|United States|North America - US - West|California|San Francisco
Office Supplies,San Francisco,United States,TC-215354,Tracy Collins,North America - US,12/8/2014,CA-2014-142328,Medium,OFF-PA-10000380,"REDIFORM Incoming/Outgoing Call Register, 11"" X 8 1/2"", 100 Messages",25.02,6,50,Home Office,12/15/2014,Standard Class,3.05,California,Paper,50,7,North America - US - West,December,4,2014,Low Sales,North America - US|United States|North America - US - West|California|San Francisco
Office Supplies,San Francisco,United States,KH-165104,Keith Herrera,North America - US,12/9/2014,CA-2014-117457,Medium,OFF-PA-10003724,"Wirebound Message Book, 4 per Page",13.3035,5,27,Consumer,12/13/2014,Standard Class,2.17,California,Paper,50,4,North America - US - West,December,4,2014,Low Sales,North America - US|United States|North America - US - West|California|San Francisco
Office Supplies,San Francisco,United States,KH-165104,Keith Herrera,North America - US,12/9/2014,CA-2014-117457,Medium,OFF-PA-10002893,"Wirebound Service Call Books, 5 1/2"" x 4""",4.6464,1,10,Consumer,12/13/2014,Standard Class,0.64,California,Paper,50,4,North America - US - West,December,4,2014,Low Sales,North America - US|United States|North America - US - West|California|San Francisco
Office Supplies,San Francisco,United States,KH-165104,Keith Herrera,North America - US,12/9/2014,CA-2014-117457,Medium,OFF-PA-10001970,Xerox 1908,27.4302,1,56,Consumer,12/13/2014,Standard Class,4.74,California,Paper,50,4,North America - US - West,December,4,2014,Low Sales,North America - US|United States|North America - US - West|California|San Francisco
Office Supplies,San Francisco,United States,DM-133454,Denise Monton,North America - US,12/9/2014,CA-2014-108854,Low,OFF-PA-10003022,Standard Line “While You Were Out” Hardbound Telephone Message Book,40.4432,4,88,Corporate,12/15/2014,Standard Class,2.27,California,Paper,50,6,North America - US - West,December,4,2014,Low Sales,North America - US|United States|North America - US - West|California|San Francisco
Office Supplies,San Francisco,United States,EP-139154,Emily Phan,North America - US,12/14/2014,CA-2014-122770,Medium,OFF-PA-10000232,Xerox 1975,6.3504,2,13,Consumer,12/19/2014,Standard Class,0.85,California,Paper,51,5,North America - US - West,December,4,2014,Low Sales,North America - US|United States|North America - US - West|California|San Francisco
Office Supplies,San Francisco,United States,EP-139154,Emily Phan,North America - US,12/14/2014,CA-2014-122770,Medium,OFF-PA-10003172,Xerox 1996,18.6624,6,39,Consumer,12/19/2014,Standard Class,3.8,California,Paper,51,5,North America - US - West,December,4,2014,Low Sales,North America - US|United States|North America - US - West|California|San Francisco
Office Supplies,San Francisco,United States,LC-171404,Logan Currie,North America - US,12/18/2014,CA-2014-133431,Medium,OFF-PA-10002615,"Ampad Gold Fibre Wirebound Steno Books, 6"" x 9"", Gregg Ruled",6.0858,3,13,Consumer,12/22/2014,Standard Class,1.22,California,Paper,51,4,North America - US - West,December,4,2014,Low Sales,North America - US|United States|North America - US - West|California|San Francisco
Office Supplies,San Diego,United States,EJ-137204,Ed Jacobs,North America - US,1/28/2011,US-2011-117163,Medium,OFF-AR-10003179,Dixon Ticonderoga Core-Lock Colored Pencils,12.0252,4,36,Consumer,2/3/2011,Standard Class,3.25,California,Art,5,6,North America - US - West,January,1,2011,Low Sales,North America - US|United States|North America - US - West|California|San Diego
Office Supplies,San Diego,United States,EJ-137204,Ed Jacobs,North America - US,1/28/2011,US-2011-117163,Medium,OFF-ST-10003692,Recycled Steel Personal File for Hanging File Folders,14.3075,1,57,Consumer,2/3/2011,Standard Class,4,California,Storage,5,6,North America - US - West,January,1,2011,Low Sales,North America - US|United States|North America - US - West|California|San Diego
Office Supplies,San Diego,United States,CD-127904,Cynthia Delaney,North America - US,2/3/2011,CA-2011-139857,Medium,OFF-FA-10001843,Staples,5.8045,5,12,Home Office,2/7/2011,Standard Class,0.29,California,Fasteners,6,4,North America - US - West,February,1,2011,Low Sales,North America - US|United States|North America - US - West|California|San Diego
Office Supplies,San Diego,United States,DB-132704,Deborah Brumfield,North America - US,2/5/2011,CA-2011-107181,High,OFF-PA-10000350,"Message Book, Standard Line ""While You Were Out"", 5 1/2"" X 4"", 200 Sets/Book",16.0928,4,34,Home Office,2/9/2011,Standard Class,3.16,California,Paper,6,4,North America - US - West,February,1,2011,Low Sales,North America - US|United States|North America - US - West|California|San Diego
Office Supplies,San Diego,United States,BT-115304,Bradley Talbott,North America - US,5/21/2011,CA-2011-104780,Medium,OFF-AR-10003514,4009 Highlighters by Sanford,10.5072,8,32,Home Office,5/25/2011,Standard Class,3.17,California,Art,21,4,North America - US - West,May,2,2011,Low Sales,North America - US|United States|North America - US - West|California|San Diego
Office Supplies,San Diego,United States,MH-177854,Maya Herman,North America - US,5/27/2011,CA-2011-124429,High,OFF-ST-10001809,Fellowes Officeware Wire Shelving,7.1864,4,359,Corporate,5/27/2011,Same Day,92.1,California,Storage,22,0,North America - US - West,May,2,2011,Medium Sales,North America - US|United States|North America - US - West|California|San Diego
Office Supplies,San Diego,United States,CC-121454,Charles Crestani,North America - US,7/20/2011,CA-2011-141726,Medium,OFF-PA-10000418,Xerox 189,50.328,1,105,Consumer,7/22/2011,First Class,22.92,California,Paper,30,2,North America - US - West,July,3,2011,Medium Sales,North America - US|United States|North America - US - West|California|San Diego
Office Supplies,San Diego,United States,CC-121454,Charles Crestani,North America - US,7/20/2011,CA-2011-141726,Medium,OFF-PA-10002230,Xerox 1897,9.7608,4,20,Consumer,7/22/2011,First Class,3.15,California,Paper,30,2,North America - US - West,July,3,2011,Low Sales,North America - US|United States|North America - US - West|California|San Diego
Office Supplies,San Diego,United States,LR-169154,Lena Radford,North America - US,8/8/2011,CA-2011-131450,Medium,OFF-AP-10004708,Fellowes Superior 10 Outlet Split Surge Protector,22.0748,2,76,Consumer,8/15/2011,Standard Class,6.7,California,Appliances,33,7,North America - US - West,August,3,2011,Low Sales,North America - US|United States|North America - US - West|California|San Diego
Office Supplies,San Diego,United States,ED-138854,Emily Ducich,North America - US,8/9/2011,CA-2011-110527,Medium,OFF-LA-10000262,Avery 494,9.6048,8,21,Home Office,8/16/2011,Standard Class,0.77,California,Labels,33,7,North America - US - West,August,3,2011,Low Sales,North America - US|United States|North America - US - West|California|San Diego
Office Supplies,San Diego,United States,HG-149654,Henry Goldwyn,North America - US,9/20/2011,CA-2011-126480,Medium,OFF-PA-10004610,Xerox 1900,3.852,2,9,Corporate,9/24/2011,Standard Class,0.63,California,Paper,39,4,North America - US - West,September,3,2011,Low Sales,North America - US|United States|North America - US - West|California|San Diego
Office Supplies,San Diego,United States,KF-162854,Karen Ferguson,North America - US,9/26/2011,CA-2011-132451,Critical,OFF-PA-10004888,Xerox 217,9.3312,3,19,Home Office,9/27/2011,First Class,5.1,California,Paper,40,1,North America - US - West,September,3,2011,Low Sales,North America - US|United States|North America - US - West|California|San Diego
Office Supplies,San Diego,United States,TH-211004,Thea Hendricks,North America - US,9/27/2011,US-2011-133130,High,OFF-PA-10000675,Xerox 1919,40.1702,2,82,Consumer,10/1/2011,Standard Class,5.09,California,Paper,40,4,North America - US - West,September,3,2011,Low Sales,North America - US|United States|North America - US - West|California|San Diego
Office Supplies,San Diego,United States,RD-199004,Ruben Dartt,North America - US,11/10/2011,CA-2011-158372,Low,OFF-LA-10000407,Avery White Multi-Purpose Labels,18.3264,8,40,Consumer,11/16/2011,Standard Class,3.37,California,Labels,46,6,North America - US - West,November,4,2011,Low Sales,North America - US|United States|North America - US - West|California|San Diego
Office Supplies,San Diego,United States,RD-199004,Ruben Dartt,North America - US,11/10/2011,CA-2011-158372,Low,OFF-PA-10002137,"Southworth 100% Résumé Paper, 24lb.",28.008,8,62,Consumer,11/16/2011,Standard Class,4.44,California,Paper,46,6,North America - US - West,November,4,2011,Low Sales,North America - US|United States|North America - US - West|California|San Diego
Office Supplies,San Diego,United States,AS-100904,Adam Shillingsburg,North America - US,12/24/2011,CA-2011-132913,High,OFF-AP-10003278,Belkin 7-Outlet SurgeMaster Home Series,3.6322,1,14,Consumer,12/26/2011,First Class,2.16,California,Appliances,52,2,North America - US - West,December,4,2011,Low Sales,North America - US|United States|North America - US - West|California|San Diego
Office Supplies,San Diego,United States,CK-125954,Clytie Kelty,North America - US,12/26/2011,CA-2011-106264,Medium,OFF-SU-10002189,Acme Rosewood Handle Letter Opener,0.1191,3,12,Consumer,12/30/2011,Standard Class,0.64,California,Supplies,53,4,North America - US - West,December,4,2011,Low Sales,North America - US|United States|North America - US - West|California|San Diego
Office Supplies,San Diego,United States,JD-161504,Justin Deggeller,North America - US,3/22/2012,US-2012-163279,Medium,OFF-PA-10003127,Staples,48.5392,4,106,Corporate,3/26/2012,Standard Class,7.5,California,Paper,12,4,North America - US - West,March,1,2012,Medium Sales,North America - US|United States|North America - US - West|California|San Diego
Office Supplies,San Diego,United States,RB-194354,Richard Bierner,North America - US,3/29/2012,US-2012-103996,High,OFF-PA-10001609,Tops Wirebound Message Log Books,4.5402,3,10,Consumer,3/31/2012,Second Class,2.51,California,Paper,13,2,North America - US - West,March,1,2012,Low Sales,North America - US|United States|North America - US - West|California|San Diego
Office Supplies,San Diego,United States,RB-194354,Richard Bierner,North America - US,3/29/2012,US-2012-103996,High,OFF-PA-10001736,Xerox 1880,99.9408,6,213,Consumer,3/31/2012,Second Class,15.03,California,Paper,13,2,North America - US - West,March,1,2012,Medium Sales,North America - US|United States|North America - US - West|California|San Diego
Office Supplies,San Diego,United States,BW-111104,Bart Watters,North America - US,4/26/2012,CA-2012-137302,Medium,OFF-AR-10000588,Newell 345,15.4752,3,60,Corporate,5/1/2012,Standard Class,4.15,California,Art,17,5,North America - US - West,April,2,2012,Low Sales,North America - US|United States|North America - US - West|California|San Diego
Office Supplies,San Diego,United States,BG-117404,Bruce Geld,North America - US,6/18/2012,CA-2012-154200,High,OFF-AR-10001044,"BOSTON Ranger #55 Pencil Sharpener, Black",15.0742,2,52,Consumer,6/22/2012,Standard Class,8.76,California,Art,25,4,North America - US - West,June,2,2012,Low Sales,North America - US|United States|North America - US - West|California|San Diego
Office Supplies,San Diego,United States,PF-191654,Philip Fox,North America - US,8/27/2012,CA-2012-101707,Medium,OFF-LA-10000134,Avery 511,1.4784,1,3,Consumer,9/1/2012,Standard Class,0.1,California,Labels,35,5,North America - US - West,August,3,2012,Low Sales,North America - US|United States|North America - US - West|California|San Diego
Office Supplies,San Diego,United States,PF-191654,Philip Fox,North America - US,8/27/2012,CA-2012-101707,Medium,OFF-PA-10002968,Xerox 1973,52.532,5,114,Consumer,9/1/2012,Standard Class,9.14,California,Paper,35,5,North America - US - West,August,3,2012,Medium Sales,North America - US|United States|North America - US - West|California|San Diego
Office Supplies,San Diego,United States,PF-191654,Philip Fox,North America - US,8/27/2012,CA-2012-101707,Medium,OFF-SU-10001218,Fiskars Softgrip Scissors,9.2232,3,33,Consumer,9/1/2012,Standard Class,0.96,California,Supplies,35,5,North America - US - West,August,3,2012,Low Sales,North America - US|United States|North America - US - West|California|San Diego
Office Supplies,San Diego,United States,SB-202904,Sean Braxton,North America - US,9/11/2012,CA-2012-153794,Medium,OFF-AR-10000380,"Hunt PowerHouse Electric Pencil Sharpener, Blue",79.758,7,266,Corporate,9/16/2012,Standard Class,14.44,California,Art,37,5,North America - US - West,September,3,2012,Medium Sales,North America - US|United States|North America - US - West|California|San Diego
Office Supplies,San Diego,United States,CM-121904,Charlotte Melton,North America - US,9/18/2012,CA-2012-101154,High,OFF-ST-10004186,"Stur-D-Stor Shelving, Vertical 5-Shelf: 72""H x 36""W x 18 1/2""D",8.8784,4,444,Consumer,9/21/2012,First Class,20,California,Storage,38,3,North America - US - West,September,3,2012,Medium Sales,North America - US|United States|North America - US - West|California|San Diego
Office Supplies,San Diego,United States,BS-118004,Bryan Spruell,North America - US,9/26/2012,CA-2012-122371,Medium,OFF-EN-10000056,Cameo Buff Policy Envelopes,58.4962,2,124,Home Office,10/1/2012,Standard Class,2.74,California,Envelopes,39,5,North America - US - West,September,3,2012,Medium Sales,North America - US|United States|North America - US - West|California|San Diego
Office Supplies,San Diego,United States,BS-118004,Bryan Spruell,North America - US,9/26/2012,CA-2012-122371,Medium,OFF-ST-10002370,"Sortfiler Multipurpose Personal File Organizer, Black",18.6093,3,64,Home Office,10/1/2012,Standard Class,6.21,California,Storage,39,5,North America - US - West,September,3,2012,Low Sales,North America - US|United States|North America - US - West|California|San Diego
Office Supplies,San Diego,United States,JF-153554,Jay Fein,North America - US,10/23/2012,CA-2012-132486,High,OFF-EN-10002600,"Redi-Strip #10 Envelopes, 4 1/8 x 9 1/2",5.664,4,12,Consumer,10/27/2012,Second Class,0.68,California,Envelopes,43,4,North America - US - West,October,4,2012,Low Sales,North America - US|United States|North America - US - West|California|San Diego
Office Supplies,San Diego,United States,JF-153554,Jay Fein,North America - US,10/23/2012,CA-2012-132486,High,OFF-PA-10004971,Xerox 196,5.6644,2,12,Consumer,10/27/2012,Second Class,2.08,California,Paper,43,4,North America - US - West,October,4,2012,Low Sales,North America - US|United States|North America - US - West|California|San Diego
Office Supplies,San Diego,United States,MZ-173354,Maria Zettner,North America - US,11/8/2012,CA-2012-117611,Critical,OFF-FA-10002280,Advantus Plastic Paper Clips,2.4,1,5,Home Office,11/10/2012,Second Class,0.69,California,Fasteners,45,2,North America - US - West,November,4,2012,Low Sales,North America - US|United States|North America - US - West|California|San Diego
Office Supplies,San Diego,United States,JG-158054,John Grady,North America - US,11/16/2012,CA-2012-120446,High,OFF-LA-10003148,Avery 51,8.694,3,19,Corporate,11/18/2012,First Class,3.31,California,Labels,46,2,North America - US - West,November,4,2012,Low Sales,North America - US|United States|North America - US - West|California|San Diego
Office Supplies,San Diego,United States,BS-116654,Brian Stugart,North America - US,11/17/2012,CA-2012-126725,High,OFF-PA-10001639,Xerox 203,15.552,5,32,Consumer,11/21/2012,Standard Class,4.39,California,Paper,46,4,North America - US - West,November,4,2012,Low Sales,North America - US|United States|North America - US - West|California|San Diego
Office Supplies,San Diego,United States,BS-116654,Brian Stugart,North America - US,11/17/2012,CA-2012-126725,High,OFF-ST-10001418,Carina Media Storage Towers in Natural & Black,6.098,5,305,Consumer,11/21/2012,Standard Class,23.14,California,Storage,46,4,North America - US - West,November,4,2012,Medium Sales,North America - US|United States|North America - US - West|California|San Diego
Office Supplies,San Diego,United States,BS-116654,Brian Stugart,North America - US,11/17/2012,CA-2012-126725,High,OFF-ST-10000129,Fellowes Recycled Storage Drawers,54.4047,7,777,Consumer,11/21/2012,Standard Class,43.12,California,Storage,46,4,North America - US - West,November,4,2012,High Sales,North America - US|United States|North America - US - West|California|San Diego
Office Supplies,San Diego,United States,CS-122504,Chris Selesnick,North America - US,11/20/2012,CA-2012-136420,High,OFF-LA-10002762,Avery 485,23.5564,4,50,Corporate,11/21/2012,First Class,9.59,California,Labels,47,1,North America - US - West,November,4,2012,Low Sales,North America - US|United States|North America - US - West|California|San Diego
Office Supplies,San Diego,United States,NP-183254,Naresj Patel,North America - US,12/6/2012,CA-2012-143490,Medium,OFF-AR-10002952,Stanley Contemporary Battery Pencil Sharpeners,33.642,9,120,Consumer,12/13/2012,Standard Class,4.44,California,Art,49,7,North America - US - West,December,4,2012,Medium Sales,North America - US|United States|North America - US - West|California|San Diego
Office Supplies,San Diego,United States,DK-133754,Dennis Kane,North America - US,12/12/2012,CA-2012-145065,Medium,OFF-FA-10001229,Staples,3.6156,2,8,Consumer,12/15/2012,First Class,0.92,California,Fasteners,50,3,North America - US - West,December,4,2012,Low Sales,North America - US|United States|North America - US - West|California|San Diego
Office Supplies,San Diego,United States,RA-192854,Ralph Arnett,North America - US,12/25/2012,CA-2012-111780,High,OFF-PA-10001667,Great White Multi-Use Recycled Paper (20Lb. and 84 Bright),8.073,3,18,Consumer,12/30/2012,Second Class,0.02,California,Paper,52,5,North America - US - West,December,4,2012,Low Sales,North America - US|United States|North America - US - West|California|San Diego
Office Supplies,San Diego,United States,RA-192854,Ralph Arnett,North America - US,12/25/2012,CA-2012-111780,High,OFF-PA-10001307,"Important Message Pads, 50 4-1/4 x 5-1/2 Forms per Pad",6.174,3,13,Consumer,12/30/2012,Second Class,2.16,California,Paper,52,5,North America - US - West,December,4,2012,Low Sales,North America - US|United States|North America - US - West|California|San Diego
Office Supplies,San Diego,United States,FP-143204,Frank Preis,North America - US,1/22/2013,CA-2013-125850,Medium,OFF-LA-10003498,Avery 475,22.2,3,44,Consumer,1/28/2013,Standard Class,4.18,California,Labels,4,6,North America - US - West,January,1,2013,Low Sales,North America - US|United States|North America - US - West|California|San Diego
Office Supplies,San Diego,United States,FP-143204,Frank Preis,North America - US,1/22/2013,CA-2013-125850,Medium,OFF-LA-10004484,Avery 476,9.499,5,21,Consumer,1/28/2013,Standard Class,0.28,California,Labels,4,6,North America - US - West,January,1,2013,Low Sales,North America - US|United States|North America - US - West|California|San Diego
Office Supplies,San Diego,United States,AZ-107504,Annie Zypern,North America - US,2/5/2013,CA-2013-100993,Medium,OFF-LA-10003223,Avery 508,7.2177,3,15,Consumer,2/10/2013,Standard Class,0.89,California,Labels,6,5,North America - US - West,February,1,2013,Low Sales,North America - US|United States|North America - US - West|California|San Diego
Office Supplies,San Diego,United States,AZ-107504,Annie Zypern,North America - US,2/5/2013,CA-2013-100993,Medium,OFF-ST-10004340,"Fellowes Mobile File Cart, Black",50.3658,3,187,Consumer,2/10/2013,Standard Class,11.07,California,Storage,6,5,North America - US - West,February,1,2013,Medium Sales,North America - US|United States|North America - US - West|California|San Diego
Office Supplies,San Diego,United States,MG-178904,Michael Granlund,North America - US,3/5/2013,CA-2013-154053,Medium,OFF-AR-10003727,Berol Giant Pencil Sharpener,4.9271,1,17,Home Office,3/11/2013,Standard Class,1.61,California,Art,10,6,North America - US - West,March,1,2013,Low Sales,North America - US|United States|North America - US - West|California|San Diego
Office Supplies,San Diego,United States,JK-161204,Julie Kriz,North America - US,4/16/2013,CA-2013-117849,High,OFF-PA-10004327,Xerox 1911,68.976,3,144,Home Office,4/18/2013,Second Class,18.75,California,Paper,16,2,North America - US - West,April,2,2013,Medium Sales,North America - US|United States|North America - US - West|California|San Diego
Office Supplies,San Diego,United States,IG-150854,Ivan Gibson,North America - US,6/18/2013,CA-2013-159345,High,OFF-PA-10000806,Xerox 1934,54.8604,2,112,Consumer,6/23/2013,Standard Class,17.26,California,Paper,25,5,North America - US - West,June,2,2013,Medium Sales,North America - US|United States|North America - US - West|California|San Diego
Office Supplies,San Diego,United States,MJ-177404,Max Jones,North America - US,6/25/2013,CA-2013-100300,High,OFF-AP-10001242,APC 7 Outlet Network SurgeArrest Surge Protector,72.432,3,241,Consumer,6/27/2013,Second Class,45.18,California,Appliances,26,2,North America - US - West,June,2,2013,Medium Sales,North America - US|United States|North America - US - West|California|San Diego
Office Supplies,San Diego,United States,MJ-177404,Max Jones,North America - US,6/25/2013,CA-2013-100300,High,OFF-PA-10000418,Xerox 189,50.328,1,105,Consumer,6/27/2013,Second Class,12.47,California,Paper,26,2,North America - US - West,June,2,2013,Medium Sales,North America - US|United States|North America - US - West|California|San Diego
Office Supplies,San Diego,United States,KC-165404,Kelly Collister,North America - US,9/12/2013,CA-2013-145625,Medium,OFF-PA-10004569,"Wirebound Message Books, Two 4 1/4"" x 5"" Forms per Page",3.5767,1,8,Consumer,9/18/2013,Standard Class,0.36,California,Paper,37,6,North America - US - West,September,3,2013,Low Sales,North America - US|United States|North America - US - West|California|San Diego
Office Supplies,San Diego,United States,JW-152204,Jane Waco,North America - US,9/19/2013,CA-2013-133935,High,OFF-PA-10000100,Xerox 1945,180.7659,9,369,Corporate,9/23/2013,Standard Class,23.3,California,Paper,38,4,North America - US - West,September,3,2013,Medium Sales,North America - US|United States|North America - US - West|California|San Diego
Office Supplies,San Diego,United States,DV-130454,Darrin Van Huff,North America - US,9/24/2013,CA-2013-106656,High,OFF-EN-10001509,Poly String Tie Envelopes,1.9176,2,4,Corporate,9/27/2013,First Class,0.96,California,Envelopes,39,3,North America - US - West,September,3,2013,Low Sales,North America - US|United States|North America - US - West|California|San Diego
Office Supplies,San Diego,United States,DV-130454,Darrin Van Huff,North America - US,9/24/2013,CA-2013-106656,High,OFF-LA-10003148,Avery 51,8.694,3,19,Corporate,9/27/2013,First Class,4.32,California,Labels,39,3,North America - US - West,September,3,2013,Low Sales,North America - US|United States|North America - US - West|California|San Diego
Office Supplies,San Diego,United States,JE-157454,Joel Eaton,North America - US,10/22/2013,CA-2013-144729,Medium,OFF-ST-10004804,"Belkin 19"" Vented Equipment Shelf, Black",1.5444,3,154,Consumer,10/26/2013,Standard Class,8.24,California,Storage,43,4,North America - US - West,October,4,2013,Medium Sales,North America - US|United States|North America - US - West|California|San Diego
Office Supplies,San Diego,United States,IM-150704,Irene Maddox,North America - US,11/7/2013,CA-2013-109925,Medium,OFF-ST-10003442,Eldon Portable Mobile Manager,22.9068,3,85,Consumer,11/11/2013,Second Class,5.31,California,Storage,45,4,North America - US - West,November,4,2013,Low Sales,North America - US|United States|North America - US - West|California|San Diego
Office Supplies,San Diego,United States,DS-131804,David Smith,North America - US,12/15/2013,CA-2013-146325,Medium,OFF-ST-10001590,"Tenex Personal Project File with Scoop Front Design, Black",35.048,10,135,Corporate,12/18/2013,First Class,8.45,California,Storage,51,3,North America - US - West,December,4,2013,Medium Sales,North America - US|United States|North America - US - West|California|San Diego
Office Supplies,San Diego,United States,KA-165254,Kelly Andreada,North America - US,5/31/2014,CA-2014-116498,High,OFF-AR-10003405,"Dixon My First Ticonderoga Pencil, #2",10.179,6,35,Consumer,6/4/2014,Standard Class,3.53,California,Art,22,4,North America - US - West,May,2,2014,Low Sales,North America - US|United States|North America - US - West|California|San Diego
Office Supplies,San Diego,United States,OT-187304,Olvera Toch,North America - US,6/27/2014,CA-2014-115364,Medium,OFF-ST-10002486,Eldon Shelf Savers Cubes and Bins,1.6752,12,84,Consumer,7/3/2014,Standard Class,5.4,California,Storage,26,6,North America - US - West,June,2,2014,Low Sales,North America - US|United States|North America - US - West|California|San Diego
Office Supplies,San Diego,United States,SW-204554,Shaun Weien,North America - US,7/22/2014,CA-2014-145429,High,OFF-PA-10003205,"Wirebound Message Forms, Four 2 3/4 x 5 Forms per Page, Pink Paper",7.6798,2,16,Consumer,7/26/2014,Standard Class,1.65,California,Paper,30,4,North America - US - West,July,3,2014,Low Sales,North America - US|United States|North America - US - West|California|San Diego
Office Supplies,San Diego,United States,CS-122504,Chris Selesnick,North America - US,10/9/2014,CA-2014-105487,Medium,OFF-ST-10002301,Tennsco Commercial Shelving,0.4068,2,41,Corporate,10/15/2014,Standard Class,2.03,California,Storage,41,6,North America - US - West,October,4,2014,Low Sales,North America - US|United States|North America - US - West|California|San Diego
Office Supplies,San Diego,United States,AJ-109604,Astrea Jones,North America - US,10/18/2014,CA-2014-123246,Medium,OFF-AR-10001770,Economy #2 Pencils,2.7664,4,11,Consumer,10/20/2014,Second Class,0.86,California,Art,42,2,North America - US - West,October,4,2014,Low Sales,North America - US|United States|North America - US - West|California|San Diego
Office Supplies,San Diego,United States,AA-106454,Anna Andreadi,North America - US,11/6/2014,CA-2014-157196,Medium,OFF-PA-10003172,Xerox 1996,6.2208,2,13,Consumer,11/10/2014,Standard Class,0.23,California,Paper,45,4,North America - US - West,November,4,2014,Low Sales,North America - US|United States|North America - US - West|California|San Diego
Office Supplies,San Diego,United States,SW-202754,Scott Williamson,North America - US,11/17/2014,CA-2014-137022,Medium,OFF-ST-10001963,Tennsco Regal Shelving Units,24.3384,8,811,Consumer,11/23/2014,Standard Class,50.71,California,Storage,47,6,North America - US - West,November,4,2014,High Sales,North America - US|United States|North America - US - West|California|San Diego
Office Supplies,San Diego,United States,EP-139154,Emily Phan,North America - US,11/29/2014,CA-2014-131303,High,OFF-LA-10001074,Round Specialty Laser Printer Labels,29.4455,5,63,Consumer,12/3/2014,Standard Class,9.13,California,Labels,48,4,North America - US - West,November,4,2014,Low Sales,North America - US|United States|North America - US - West|California|San Diego
Office Supplies,San Diego,United States,TC-212954,Toby Carlisle,North America - US,12/4/2014,CA-2014-136875,High,OFF-PA-10000357,Xerox 1888,79.8912,3,166,Consumer,12/4/2014,Same Day,36.43,California,Paper,49,0,North America - US - West,December,4,2014,Medium Sales,North America - US|United States|North America - US - West|California|San Diego
Office Supplies,San Diego,United States,NP-183254,Naresj Patel,North America - US,12/6/2014,CA-2014-126865,Critical,OFF-PA-10003039,Xerox 1960,41.823,3,93,Consumer,12/8/2014,Second Class,18.58,California,Paper,49,2,North America - US - West,December,4,2014,Low Sales,North America - US|United States|North America - US - West|California|San Diego
Office Supplies,San Diego,United States,MP-181754,Mike Pelletier,North America - US,12/15/2014,CA-2014-169859,High,OFF-EN-10000461,"#10- 4 1/8"" x 9 1/2"" Recycled Envelopes",20.539,5,44,Home Office,12/19/2014,Standard Class,7.57,California,Envelopes,51,4,North America - US - West,December,4,2014,Low Sales,North America - US|United States|North America - US - West|California|San Diego
Office Supplies,Roseville,United States,RB-194354,Richard Bierner,North America - US,3/11/2011,US-2011-103338,High,OFF-AR-10001770,Economy #2 Pencils,2.0748,3,8,Consumer,3/15/2011,Standard Class,1.04,California,Art,11,4,North America - US - West,March,1,2011,Low Sales,North America - US|United States|North America - US - West|California|Roseville
Office Supplies,Huntington Beach,United States,DK-132254,Dean Katz,North America - US,3/14/2011,CA-2011-157623,High,OFF-AR-10003723,Avery Hi-Liter Fluorescent Desk Style Markers,1.2506,1,3,Corporate,3/18/2011,Standard Class,0.4,California,Art,12,4,North America - US - West,March,1,2011,Low Sales,North America - US|United States|North America - US - West|California|Huntington Beach
Office Supplies,Burbank,United States,SC-200504,Sample Company A,North America - US,3/18/2011,US-2011-131275,Medium,OFF-ST-10000078,Tennsco 6- and 18-Compartment Lockers,334.1142,7,1856,Home Office,3/24/2011,Standard Class,93.9,California,Storage,12,6,North America - US - West,March,1,2011,High Sales,North America - US|United States|North America - US - West|California|Burbank
Office Supplies,Pomona,United States,CS-125054,Cindy Stewart,North America - US,3/26/2011,CA-2011-100860,High,OFF-LA-10001982,Smead Alpha-Z Color-Coded Name Labels First Letter Starter Set,9,5,19,Consumer,3/30/2011,Second Class,2.74,California,Labels,13,4,North America - US - West,March,1,2011,Low Sales,North America - US|United States|North America - US - West|California|Pomona
Office Supplies,Vallejo,United States,KM-167204,Kunst Miller,North America - US,4/1/2011,US-2011-157021,Medium,OFF-LA-10002312,Avery 490,14.8,2,30,Consumer,4/6/2011,Second Class,3.01,California,Labels,14,5,North America - US - West,April,2,2011,Low Sales,North America - US|United States|North America - US - West|California|Vallejo
Office Supplies,Lodi,United States,EH-137654,Edward Hooks,North America - US,4/12/2011,CA-2011-142979,Low,OFF-AR-10002987,Prismacolor Color Pencil Set,16.2688,2,40,Corporate,4/18/2011,Standard Class,4.53,California,Art,16,6,North America - US - West,April,2,2011,Low Sales,North America - US|United States|North America - US - West|California|Lodi
Office Supplies,San Gabriel,United States,BT-113054,Beth Thompson,North America - US,4/25/2011,CA-2011-166954,High,OFF-AP-10001391,Kensington 6 Outlet MasterPiece HOMEOFFICE Power Control Center,78.5088,3,271,Home Office,4/30/2011,Standard Class,45.48,California,Appliances,18,5,North America - US - West,April,2,2011,Medium Sales,North America - US|United States|North America - US - West|California|San Gabriel
Office Supplies,San Jose,United States,GM-146804,Greg Matthias,North America - US,5/10/2011,CA-2011-103310,Medium,OFF-SU-10004737,Acme Design Stainless Steel Bent Scissors,11.0808,6,41,Consumer,5/15/2011,Standard Class,1.8,California,Supplies,20,5,North America - US - West,May,2,2011,Low Sales,North America - US|United States|North America - US - West|California|San Jose
Office Supplies,Riverside,United States,JD-158954,Jonathan Doherty,North America - US,7/20/2011,CA-2011-127866,High,OFF-AR-10003481,Newell 348,3.8048,4,13,Corporate,7/23/2011,First Class,0.63,California,Art,30,3,North America - US - West,July,3,2011,Low Sales,North America - US|United States|North America - US - West|California|Riverside
Office Supplies,Riverside,United States,JD-158954,Jonathan Doherty,North America - US,7/20/2011,CA-2011-127866,High,OFF-ST-10001490,"Hot File 7-Pocket, Floor Stand",160.623,3,535,Corporate,7/23/2011,First Class,17.7,California,Storage,30,3,North America - US - West,July,3,2011,High Sales,North America - US|United States|North America - US - West|California|Riverside
Office Supplies,Vacaville,United States,TM-210104,Tamara Manning,North America - US,8/8/2011,CA-2011-154669,Medium,OFF-ST-10000532,Advantus Rolling Drawer Organizers,110.0528,11,423,Consumer,8/11/2011,Second Class,44.72,California,Storage,33,3,North America - US - West,August,3,2011,Medium Sales,North America - US|United States|North America - US - West|California|Vacaville
Office Supplies,Escondido,United States,LT-167654,Larry Tron,North America - US,9/1/2011,CA-2011-126522,High,OFF-AR-10004042,"BOSTON Model 1800 Electric Pencil Sharpeners, Putty/Woodgrain",15.6426,3,54,Consumer,9/5/2011,Second Class,1.8,California,Art,36,4,North America - US - West,September,3,2011,Low Sales,North America - US|United States|North America - US - West|California|Escondido
Office Supplies,Santa Clara,United States,LR-170354,Lisa Ryan,North America - US,9/7/2011,CA-2011-109918,Medium,OFF-SU-10004290,"Acme Design Line 8"" Stainless Steel Bent Scissors w/Champagne Handles, 3-1/8"" Cut",7.3872,4,27,Corporate,9/12/2011,Second Class,1.89,California,Supplies,37,5,North America - US - West,September,3,2011,Low Sales,North America - US|United States|North America - US - West|California|Santa Clara
Office Supplies,Chula Vista,United States,NR-185504,Nick Radford,North America - US,9/17/2011,CA-2011-112851,Medium,OFF-EN-10001453,"Tyvek Interoffice Envelopes, 9 1/2"" x 12 1/2"", 100/Box",85.9818,3,183,Consumer,9/21/2011,Standard Class,18.49,California,Envelopes,38,4,North America - US - West,September,3,2011,Medium Sales,North America - US|United States|North America - US - West|California|Chula Vista
Office Supplies,Long Beach,United States,FA-142304,Frank Atkinson,North America - US,9/19/2011,CA-2011-156601,Medium,OFF-FA-10000624,OIC Binder Clips,3.58,2,7,Corporate,9/24/2011,Standard Class,0.17,California,Fasteners,39,5,North America - US - West,September,3,2011,Low Sales,North America - US|United States|North America - US - West|California|Long Beach
Office Supplies,San Jose,United States,SE-201104,Sanjit Engle,North America - US,9/22/2011,CA-2011-158225,Medium,OFF-ST-10000675,"File Shuttle II and Handi-File, Black",42.3625,5,169,Consumer,9/28/2011,Standard Class,6.61,California,Storage,39,6,North America - US - West,September,3,2011,Medium Sales,North America - US|United States|North America - US - West|California|San Jose
Office Supplies,San Jose,United States,SE-201104,Sanjit Engle,North America - US,9/22/2011,CA-2011-158225,Medium,OFF-ST-10002301,Tennsco Commercial Shelving,0.4068,2,41,Consumer,9/28/2011,Standard Class,3.03,California,Storage,39,6,North America - US - West,September,3,2011,Low Sales,North America - US|United States|North America - US - West|California|San Jose
Office Supplies,Vallejo,United States,DF-131354,David Flashing,North America - US,10/4/2011,CA-2011-153479,High,OFF-LA-10004689,Avery 512,6.7915,5,14,Consumer,10/8/2011,Standard Class,1.41,California,Labels,41,4,North America - US - West,October,4,2011,Low Sales,North America - US|United States|North America - US - West|California|Vallejo
Office Supplies,Manteca,United States,TN-210404,Tanja Norvell,North America - US,10/10/2011,CA-2011-140403,Critical,OFF-EN-10001219,"#10- 4 1/8"" x 9 1/2"" Security-Tint Envelopes",7.4872,2,15,Home Office,10/10/2011,Same Day,3.51,California,Envelopes,42,0,North America - US - West,October,4,2011,Low Sales,North America - US|United States|North America - US - West|California|Manteca
Office Supplies,Pasadena,United States,HA-149204,Helen Andreada,North America - US,10/11/2011,CA-2011-157924,High,OFF-ST-10002352,Iris Project Case,8.2992,4,32,Consumer,10/13/2011,First Class,4.81,California,Storage,42,2,North America - US - West,October,4,2011,Low Sales,North America - US|United States|North America - US - West|California|Pasadena
Office Supplies,Redondo Beach,United States,AS-102404,Alan Shonely,North America - US,10/11/2011,CA-2011-128538,Medium,OFF-EN-10001219,"#10- 4 1/8"" x 9 1/2"" Security-Tint Envelopes",3.7436,1,8,Consumer,10/15/2011,Standard Class,0.33,California,Envelopes,42,4,North America - US - West,October,4,2011,Low Sales,North America - US|United States|North America - US - West|California|Redondo Beach
Office Supplies,Long Beach,United States,TH-212354,Tiffany House,North America - US,11/4/2011,US-2011-134187,Medium,OFF-AR-10000940,Newell 343,0.7938,1,3,Corporate,11/11/2011,Standard Class,0.24,California,Art,45,7,North America - US - West,November,4,2011,Low Sales,North America - US|United States|North America - US - West|California|Long Beach
Office Supplies,Huntington Beach,United States,AH-100754,Adam Hart,North America - US,11/16/2011,CA-2011-160066,Medium,OFF-LA-10001045,Permanent Self-Adhesive File Folder Labels for Typewriters by Universal,2.4012,2,5,Corporate,11/22/2011,Standard Class,0.51,California,Labels,47,6,North America - US - West,November,4,2011,Low Sales,North America - US|United States|North America - US - West|California|Huntington Beach
Office Supplies,Brentwood,United States,LW-168254,Laurel Workman,North America - US,11/25/2011,CA-2011-164721,High,OFF-AP-10000240,Belkin F9G930V10-GRY 9 Outlet Surge,93.0552,6,321,Corporate,11/27/2011,Second Class,41.8,California,Appliances,48,2,North America - US - West,November,4,2011,Medium Sales,North America - US|United States|North America - US - West|California|Brentwood
Office Supplies,Fresno,United States,LS-172004,Luke Schmidt,North America - US,11/26/2011,CA-2011-141110,Medium,OFF-AP-10000692,Fellowes Mighty 8 Compact Surge Protector,11.3512,2,41,Corporate,12/1/2011,Standard Class,2.9,California,Appliances,48,5,North America - US - West,November,4,2011,Low Sales,North America - US|United States|North America - US - West|California|Fresno
Office Supplies,Oakland,United States,LH-171554,Logan Haushalter,North America - US,12/12/2011,CA-2011-113320,High,OFF-ST-10000617,Woodgrain Magazine Files by Perma,0.6258,3,9,Consumer,12/15/2011,Second Class,0.56,California,Storage,51,3,North America - US - West,December,4,2011,Low Sales,North America - US|United States|North America - US - West|California|Oakland
Office Supplies,San Jose,United States,KM-166604,Khloe Miller,North America - US,12/22/2011,CA-2011-133543,Medium,OFF-AR-10003394,Newell 332,3.1752,4,12,Consumer,12/26/2011,Standard Class,1.18,California,Art,52,4,North America - US - West,December,4,2011,Low Sales,North America - US|United States|North America - US - West|California|San Jose
Office Supplies,Moreno Valley,United States,CD-127904,Cynthia Delaney,North America - US,12/27/2011,CA-2011-166961,Medium,OFF-AP-10001366,Staples,2.9646,1,11,Home Office,12/31/2011,Standard Class,0.95,California,Appliances,53,4,North America - US - West,December,4,2011,Low Sales,North America - US|United States|North America - US - West|California|Moreno Valley
Office Supplies,Moreno Valley,United States,CD-127904,Cynthia Delaney,North America - US,12/27/2011,CA-2011-166961,Medium,OFF-FA-10003485,Staples,3.6156,3,8,Home Office,12/31/2011,Standard Class,0.3,California,Fasteners,53,4,North America - US - West,December,4,2011,Low Sales,North America - US|United States|North America - US - West|California|Moreno Valley
Office Supplies,Moreno Valley,United States,CD-127904,Cynthia Delaney,North America - US,12/27/2011,CA-2011-166961,Medium,OFF-ST-10004507,Advantus Rolling Storage Box,13.8915,3,51,Home Office,12/31/2011,Standard Class,0.19,California,Storage,53,4,North America - US - West,December,4,2011,Low Sales,North America - US|United States|North America - US - West|California|Moreno Valley
Office Supplies,Anaheim,United States,MD-173504,Maribeth Dona,North America - US,12/28/2011,CA-2011-143371,Medium,OFF-ST-10001128,"Carina Mini System Audio Rack, Model AR050B",29.9646,9,999,Consumer,1/3/2012,Standard Class,76.28,California,Storage,53,6,North America - US - West,December,4,2011,High Sales,North America - US|United States|North America - US - West|California|Anaheim
Office Supplies,Anaheim,United States,MD-173504,Maribeth Dona,North America - US,12/28/2011,CA-2011-143371,Medium,OFF-SU-10002537,Acme Box Cutter Scissors,13.299,5,51,Consumer,1/3/2012,Standard Class,2.23,California,Supplies,53,6,North America - US - West,December,4,2011,Low Sales,North America - US|United States|North America - US - West|California|Anaheim
Office Supplies,Brentwood,United States,AI-108554,Arianne Irving,North America - US,12/29/2011,CA-2011-102330,Medium,OFF-LA-10003923,Alphabetical Labels for Top Tab Filing,44.4,6,89,Consumer,1/3/2012,Standard Class,7.9,California,Labels,53,5,North America - US - West,December,4,2011,Low Sales,North America - US|United States|North America - US - West|California|Brentwood
Office Supplies,Long Beach,United States,GT-147554,Guy Thornton,North America - US,2/18/2012,CA-2012-105725,Medium,OFF-LA-10003510,"Avery 4027 File Folder Labels for Dot Matrix Printers, 5000 Labels per Box, White",28.0876,2,61,Consumer,2/24/2012,Standard Class,2.64,California,Labels,7,6,North America - US - West,February,1,2012,Low Sales,North America - US|United States|North America - US - West|California|Long Beach
Office Supplies,Lancaster,United States,GA-147254,Guy Armstrong,North America - US,3/19/2012,CA-2012-149993,High,OFF-FA-10001561,Stockwell Push Pins,3.597,5,11,Consumer,3/20/2012,First Class,2.63,California,Fasteners,12,1,North America - US - West,March,1,2012,Low Sales,North America - US|United States|North America - US - West|California|Lancaster
Office Supplies,San Bernardino,United States,BK-112604,Berenike Kampe,North America - US,3/19/2012,CA-2012-113110,High,OFF-LA-10000240,Self-Adhesive Address Labels for Typewriters by Universal,6.8714,2,15,Consumer,3/23/2012,Standard Class,2.46,California,Labels,12,4,North America - US - West,March,1,2012,Low Sales,North America - US|United States|North America - US - West|California|San Bernardino
Office Supplies,San Bernardino,United States,BK-112604,Berenike Kampe,North America - US,3/19/2012,CA-2012-113110,High,OFF-SU-10001165,Acme Elite Stainless Steel Scissors,8.6736,4,33,Consumer,3/23/2012,Standard Class,5.12,California,Supplies,12,4,North America - US - West,March,1,2012,Low Sales,North America - US|United States|North America - US - West|California|San Bernardino
Office Supplies,Santa Maria,United States,NC-184154,Nathan Cano,North America - US,4/18/2012,US-2012-113593,High,OFF-ST-10000532,Advantus Rolling Drawer Organizers,30.0144,3,115,Consumer,4/20/2012,First Class,37.95,California,Storage,16,2,North America - US - West,April,2,2012,Medium Sales,North America - US|United States|North America - US - West|California|Santa Maria
Office Supplies,San Jose,United States,SP-206504,Stephanie Phelps,North America - US,5/31/2012,CA-2012-124919,High,OFF-ST-10001590,"Tenex Personal Project File with Scoop Front Design, Black",21.0288,6,81,Corporate,6/2/2012,First Class,14.9,California,Storage,22,2,North America - US - West,May,2,2012,Low Sales,North America - US|United States|North America - US - West|California|San Jose
Office Supplies,Long Beach,United States,CS-123554,Christine Sundaresam,North America - US,6/23/2012,CA-2012-139164,Medium,OFF-FA-10003059,Assorted Color Push Pins,1.7919,3,5,Consumer,6/28/2012,Standard Class,0.34,California,Fasteners,25,5,North America - US - West,June,2,2012,Low Sales,North America - US|United States|North America - US - West|California|Long Beach
Office Supplies,Oxnard,United States,BP-110954,Bart Pistole,North America - US,7/26/2012,CA-2012-148180,Medium,OFF-AR-10002067,Newell 334,25.792,5,99,Corporate,7/31/2012,Standard Class,4.9,California,Art,30,5,North America - US - West,July,3,2012,Low Sales,North America - US|United States|North America - US - West|California|Oxnard
Office Supplies,Yucaipa,United States,ON-187154,Odella Nelson,North America - US,8/13/2012,CA-2012-112011,Medium,OFF-AR-10003156,50 Colored Long Pencils,13.208,5,51,Corporate,8/20/2012,Standard Class,4.66,California,Art,33,7,North America - US - West,August,3,2012,Low Sales,North America - US|United States|North America - US - West|California|Yucaipa
Office Supplies,Oakland,United States,RE-194504,Richard Eichhorn,North America - US,8/15/2012,CA-2012-142454,Medium,OFF-ST-10003638,Mobile Personal File Cube,18.9702,3,70,Consumer,8/19/2012,Standard Class,5.63,California,Storage,33,4,North America - US - West,August,3,2012,Low Sales,North America - US|United States|North America - US - West|California|Oakland
Office Supplies,Murrieta,United States,RA-199454,Ryan Akin,North America - US,8/27/2012,CA-2012-126445,High,OFF-ST-10000046,Fellowes Super Stor/Drawer Files,92.0835,3,485,Consumer,8/31/2012,Standard Class,38.31,California,Storage,35,4,North America - US - West,August,3,2012,Medium Sales,North America - US|United States|North America - US - West|California|Murrieta
Office Supplies,Pasadena,United States,HA-149204,Helen Andreada,North America - US,9/7/2012,CA-2012-110744,Medium,OFF-ST-10003656,Safco Industrial Wire Shelving,20.1579,7,672,Consumer,9/12/2012,Standard Class,46.81,California,Storage,36,5,North America - US - West,September,3,2012,High Sales,North America - US|United States|North America - US - West|California|Pasadena
Office Supplies,Moreno Valley,United States,NM-185204,Neoma Murray,North America - US,9/8/2012,CA-2012-162166,Medium,OFF-ST-10002486,Eldon Shelf Savers Cubes and Bins,0.8376,6,42,Consumer,9/11/2012,First Class,6.99,California,Storage,36,3,North America - US - West,September,3,2012,Low Sales,North America - US|United States|North America - US - West|California|Moreno Valley
Office Supplies,Redlands,United States,SC-207254,Steven Cartwright,North America - US,9/11/2012,CA-2012-165057,Medium,OFF-AR-10004648,Boston 19500 Mighty Mite Electric Pencil Sharpener,48.9645,9,181,Consumer,9/15/2012,Standard Class,13.98,California,Art,37,4,North America - US - West,September,3,2012,Medium Sales,North America - US|United States|North America - US - West|California|Redlands
Office Supplies,Redlands,United States,SC-207254,Steven Cartwright,North America - US,9/11/2012,CA-2012-165057,Medium,OFF-LA-10003190,Avery 474,4.2336,3,9,Consumer,9/15/2012,Standard Class,0.51,California,Labels,37,4,North America - US - West,September,3,2012,Low Sales,North America - US|United States|North America - US - West|California|Redlands
Office Supplies,Long Beach,United States,TG-216404,Trudy Glocke,North America - US,9/18/2012,CA-2012-149713,High,OFF-SU-10001574,Acme Value Line Scissors,2.19,2,7,Consumer,9/22/2012,Second Class,0.62,California,Supplies,38,4,North America - US - West,September,3,2012,Low Sales,North America - US|United States|North America - US - West|California|Long Beach
Office Supplies,Santa Barbara,United States,KN-163904,Katherine Nockton,North America - US,10/10/2012,CA-2012-132388,Critical,OFF-LA-10000414,Avery 503,14.904,3,31,Corporate,10/12/2012,First Class,9.44,California,Labels,41,2,North America - US - West,October,4,2012,Low Sales,North America - US|United States|North America - US - West|California|Santa Barbara
Office Supplies,Rancho Cucamonga,United States,MY-173804,Maribeth Yedwab,North America - US,10/26/2012,CA-2012-139290,Medium,OFF-LA-10004008,Avery 507,2.6496,2,6,Corporate,10/30/2012,Standard Class,0.53,California,Labels,43,4,North America - US - West,October,4,2012,Low Sales,North America - US|United States|North America - US - West|California|Rancho Cucamonga
Office Supplies,Redlands,United States,SG-200804,Sandra Glassco,North America - US,10/31/2012,CA-2012-164882,Critical,OFF-AR-10004272,Newell 308,1.26,3,5,Consumer,10/31/2012,Same Day,1.3,California,Art,44,0,North America - US - West,October,4,2012,Low Sales,North America - US|United States|North America - US - West|California|Redlands
Office Supplies,Redlands,United States,SG-200804,Sandra Glassco,North America - US,10/31/2012,CA-2012-164882,Critical,OFF-FA-10000585,OIC Bulk Pack Metal Binder Clips,8.027,5,17,Consumer,10/31/2012,Same Day,5.68,California,Fasteners,44,0,North America - US - West,October,4,2012,Low Sales,North America - US|United States|North America - US - West|California|Redlands
Office Supplies,Redlands,United States,SG-200804,Sandra Glassco,North America - US,10/31/2012,CA-2012-164882,Critical,OFF-ST-10003638,Mobile Personal File Cube,12.6468,2,47,Consumer,10/31/2012,Same Day,6.53,California,Storage,44,0,North America - US - West,October,4,2012,Low Sales,North America - US|United States|North America - US - West|California|Redlands
Office Supplies,Redlands,United States,SG-200804,Sandra Glassco,North America - US,10/31/2012,CA-2012-164882,Critical,OFF-SU-10004231,Acme Tagit Stainless Steel Antibacterial Scissors,8.019,3,30,Consumer,10/31/2012,Same Day,5.5,California,Supplies,44,0,North America - US - West,October,4,2012,Low Sales,North America - US|United States|North America - US - West|California|Redlands
Office Supplies,Salinas,United States,DK-128354,Damala Kotsonis,North America - US,10/31/2012,US-2012-164448,High,OFF-EN-10002600,"Redi-Strip #10 Envelopes, 4 1/8 x 9 1/2",7.08,5,15,Corporate,11/4/2012,Second Class,2.08,California,Envelopes,44,4,North America - US - West,October,4,2012,Low Sales,North America - US|United States|North America - US - West|California|Salinas
Office Supplies,Salinas,United States,DK-128354,Damala Kotsonis,North America - US,10/31/2012,US-2012-164448,High,OFF-LA-10003510,"Avery 4027 File Folder Labels for Dot Matrix Printers, 5000 Labels per Box, White",196.6132,14,427,Corporate,11/4/2012,Second Class,42.26,California,Labels,44,4,North America - US - West,October,4,2012,Medium Sales,North America - US|United States|North America - US - West|California|Salinas
Office Supplies,Redlands,United States,MZ-175154,Mary Zewe,North America - US,10/31/2012,CA-2012-131457,Low,OFF-EN-10001509,Poly String Tie Envelopes,6.7116,7,14,Corporate,11/6/2012,Standard Class,1.45,California,Envelopes,44,6,North America - US - West,October,4,2012,Low Sales,North America - US|United States|North America - US - West|California|Redlands
Office Supplies,Roseville,United States,JO-155504,Jesus Ocampo,North America - US,11/9/2012,CA-2012-126466,Medium,OFF-FA-10000490,"OIC Binder Clips, Mini, 1/4"" Capacity, Black",1.1656,2,2,Home Office,11/13/2012,Standard Class,0.22,California,Fasteners,45,4,North America - US - West,November,4,2012,Low Sales,North America - US|United States|North America - US - West|California|Roseville
Office Supplies,Santa Ana,United States,EK-137954,Eileen Kiefer,North America - US,11/29/2012,CA-2012-154340,High,OFF-AR-10003582,"Boston Electric Pencil Sharpener, Model 1818, Charcoal Black",15.764,2,56,Home Office,11/30/2012,First Class,8.52,California,Art,48,1,North America - US - West,November,4,2012,Low Sales,North America - US|United States|North America - US - West|California|Santa Ana
Office Supplies,Lakewood,United States,TZ-215804,Tracy Zic,North America - US,12/4/2012,CA-2012-119508,Medium,OFF-AR-10003723,Avery Hi-Liter Fluorescent Desk Style Markers,6.253,5,17,Consumer,12/9/2012,Standard Class,0.15,California,Art,49,5,North America - US - West,December,4,2012,Low Sales,North America - US|United States|North America - US - West|California|Lakewood
Office Supplies,Chico,United States,XP-218654,Xylona Preis,North America - US,12/12/2012,CA-2012-155586,Medium,OFF-AR-10001547,Newell 311,0.5967,1,2,Consumer,12/16/2012,Second Class,0.2,California,Art,50,4,North America - US - West,December,4,2012,Low Sales,North America - US|United States|North America - US - West|California|Chico
Office Supplies,Chico,United States,XP-218654,Xylona Preis,North America - US,12/12/2012,CA-2012-155586,Medium,OFF-EN-10003072,Peel & Seel Envelopes,7.4496,4,16,Consumer,12/16/2012,Second Class,2.59,California,Envelopes,50,4,North America - US - West,December,4,2012,Low Sales,North America - US|United States|North America - US - West|California|Chico
Office Supplies,San Jose,United States,HA-149054,Helen Abelman,North America - US,12/12/2012,CA-2012-134075,Medium,OFF-ST-10001496,Standard Rollaway File with Lock,93.6988,2,360,Consumer,12/16/2012,Standard Class,24.83,California,Storage,50,4,North America - US - West,December,4,2012,Medium Sales,North America - US|United States|North America - US - West|California|San Jose
Office Supplies,Riverside,United States,RP-192704,Rachel Payne,North America - US,12/13/2012,CA-2012-148250,High,OFF-AP-10003040,Fellowes 8 Outlet Superior Workstation Surge Protector w/o Phone/Fax/Modem Protection,34.9648,4,134,Corporate,12/17/2012,Standard Class,15.59,California,Appliances,50,4,North America - US - West,December,4,2012,Medium Sales,North America - US|United States|North America - US - West|California|Riverside
Office Supplies,Oakland,United States,DW-134804,Dianna Wilson,North America - US,1/7/2013,CA-2013-101938,Medium,OFF-AR-10003696,Panasonic KP-350BK Electric Pencil Sharpener with Auto Stop,10.0282,1,35,Home Office,1/12/2013,Standard Class,3.06,California,Art,2,5,North America - US - West,January,1,2013,Low Sales,North America - US|United States|North America - US - West|California|Oakland
Office Supplies,San Clemente,United States,AF-108704,Art Ferguson,North America - US,4/24/2013,CA-2013-126270,Medium,OFF-EN-10004386,"Recycled Interoffice Envelopes with String and Button Closure, 10 x 13",35.985,3,72,Consumer,4/28/2013,Standard Class,5.86,California,Envelopes,17,4,North America - US - West,April,2,2013,Low Sales,North America - US|United States|North America - US - West|California|San Clemente
Office Supplies,Mission Viejo,United States,VM-218354,Vivian Mathis,North America - US,5/13/2013,US-2013-123610,Medium,OFF-AP-10002222,Staples,2.3409,1,9,Consumer,5/17/2013,Standard Class,0.74,California,Appliances,20,4,North America - US - West,May,2,2013,Low Sales,North America - US|United States|North America - US - West|California|Mission Viejo
Office Supplies,Santa Ana,United States,SV-207854,Stewart Visinsky,North America - US,5/27/2013,CA-2013-148852,Medium,OFF-FA-10003467,"Alliance Big Bands Rubber Bands, 12/Pack",0,3,6,Consumer,6/1/2013,Standard Class,0.11,California,Fasteners,22,5,North America - US - West,May,2,2013,Low Sales,North America - US|United States|North America - US - West|California|Santa Ana
Office Supplies,Santa Clara,United States,CK-122054,Chloris Kastensmidt,North America - US,6/6/2013,CA-2013-110982,High,OFF-AP-10004859,Acco 6 Outlet Guardian Premium Surge Suppressor,15.7248,4,58,Consumer,6/8/2013,First Class,8.59,California,Appliances,23,2,North America - US - West,June,2,2013,Low Sales,North America - US|United States|North America - US - West|California|Santa Clara
Office Supplies,Pasadena,United States,RC-198254,Roy Collins,North America - US,6/21/2013,CA-2013-141397,Critical,OFF-AP-10003971,Belkin 6 Outlet Metallic Surge Strip,5.6628,2,22,Consumer,6/22/2013,First Class,6.18,California,Appliances,25,1,North America - US - West,June,2,2013,Low Sales,North America - US|United States|North America - US - West|California|Pasadena
Office Supplies,Pasadena,United States,RC-198254,Roy Collins,North America - US,6/21/2013,CA-2013-141397,Critical,OFF-ST-10001469,Fellowes Bankers Box Recycled Super Stor/Drawer,9.7164,3,162,Consumer,6/22/2013,First Class,24.51,California,Storage,25,1,North America - US - West,June,2,2013,Medium Sales,North America - US|United States|North America - US - West|California|Pasadena
Office Supplies,Salinas,United States,DP-131054,Dave Poirier,North America - US,6/21/2013,CA-2013-152534,Medium,OFF-AR-10002335,DIXON Oriole Pencils,1.3416,2,5,Corporate,6/26/2013,Second Class,0.45,California,Art,25,5,North America - US - West,June,2,2013,Low Sales,North America - US|United States|North America - US - West|California|Salinas
Office Supplies,Roseville,United States,DK-128354,Damala Kotsonis,North America - US,7/22/2013,CA-2013-160941,High,OFF-EN-10003001,Ames Color-File Green Diamond Border X-ray Mailers,197.353,5,420,Corporate,7/27/2013,Standard Class,53.92,California,Envelopes,30,5,North America - US - West,July,3,2013,Medium Sales,North America - US|United States|North America - US - West|California|Roseville
Office Supplies,Roseville,United States,DK-128354,Damala Kotsonis,North America - US,7/22/2013,CA-2013-160941,High,OFF-LA-10003766,Self-Adhesive Removable Labels,1.512,1,3,Corporate,7/27/2013,Standard Class,0.22,California,Labels,30,5,North America - US - West,July,3,2013,Low Sales,North America - US|United States|North America - US - West|California|Roseville
Office Supplies,Riverside,United States,TS-212054,Thomas Seio,North America - US,8/2/2013,CA-2013-155978,Medium,OFF-AP-10002892,Belkin F5C206VTEL 6 Outlet Surge,13.788,2,46,Corporate,8/2/2013,Same Day,3.91,California,Appliances,31,0,North America - US - West,August,3,2013,Low Sales,North America - US|United States|North America - US - West|California|Riverside
Office Supplies,Oakland,United States,CY-127454,Craig Yedwab,North America - US,8/16/2013,CA-2013-166163,Medium,OFF-LA-10000452,Avery 488,1.512,1,3,Corporate,8/21/2013,Second Class,0.34,California,Labels,33,5,North America - US - West,August,3,2013,Low Sales,North America - US|United States|North America - US - West|California|Oakland
Office Supplies,San Jose,United States,RF-197354,Roland Fjeld,North America - US,8/27/2013,CA-2013-105585,High,OFF-FA-10002983,Advantus SlideClip Paper Clips,4.9104,3,10,Consumer,8/28/2013,First Class,1.4,California,Fasteners,35,1,North America - US - West,August,3,2013,Low Sales,North America - US|United States|North America - US - West|California|San Jose
Office Supplies,Huntington Beach,United States,LB-167954,Laurel Beltran,North America - US,9/2/2013,CA-2013-124583,High,OFF-EN-10002500,Globe Weis Peel & Seel First Class Envelopes,5.751,1,13,Home Office,9/4/2013,Second Class,1.35,California,Envelopes,36,2,North America - US - West,September,3,2013,Low Sales,North America - US|United States|North America - US - West|California|Huntington Beach
Office Supplies,Redondo Beach,United States,JH-159854,Joseph Holt,North America - US,9/6/2013,CA-2013-151372,Critical,OFF-FA-10000304,Advantus Push Pins,1.7876,2,4,Consumer,9/7/2013,First Class,2,California,Fasteners,36,1,North America - US - West,September,3,2013,Low Sales,North America - US|United States|North America - US - West|California|Redondo Beach
Office Supplies,Visalia,United States,LP-170954,Liz Preis,North America - US,9/9/2013,CA-2013-103709,Medium,OFF-AR-10003338,"Eberhard Faber 3 1/2"" Golf Pencils",3.72,2,15,Consumer,9/16/2013,Standard Class,0.96,California,Art,37,7,North America - US - West,September,3,2013,Low Sales,North America - US|United States|North America - US - West|California|Visalia
Office Supplies,Visalia,United States,LP-170954,Liz Preis,North America - US,9/9/2013,CA-2013-103709,Medium,OFF-ST-10001272,"Mini 13-1/2 Capacity Data Binder Rack, Pearl",65.435,2,262,Consumer,9/16/2013,Standard Class,24.99,California,Storage,37,7,North America - US - West,September,3,2013,Medium Sales,North America - US|United States|North America - US - West|California|Visalia
Office Supplies,San Jose,United States,EB-141104,Eugene Barchas,North America - US,9/12/2013,CA-2013-116561,Medium,OFF-ST-10004186,"Stur-D-Stor Shelving, Vertical 5-Shelf: 72""H x 36""W x 18 1/2""D",6.6588,3,333,Consumer,9/18/2013,Standard Class,27.2,California,Storage,37,6,North America - US - West,September,3,2013,Medium Sales,North America - US|United States|North America - US - West|California|San Jose
Office Supplies,San Jose,United States,KD-164954,Keith Dawkins,North America - US,9/17/2013,CA-2013-123337,Medium,OFF-AP-10002287,"Eureka Sanitaire  Multi-Pro Heavy-Duty Upright, Disposable Bags",4.5448,4,17,Corporate,9/23/2013,Standard Class,1.49,California,Appliances,38,6,North America - US - West,September,3,2013,Low Sales,North America - US|United States|North America - US - West|California|San Jose
Office Supplies,Long Beach,United States,DL-128654,Dan Lawera,North America - US,9/26/2013,US-2013-125402,Medium,OFF-AR-10002255,Newell 346,1.6704,2,6,Consumer,10/2/2013,Standard Class,0.32,California,Art,39,6,North America - US - West,September,3,2013,Low Sales,North America - US|United States|North America - US - West|California|Long Beach
Office Supplies,Long Beach,United States,DL-128654,Dan Lawera,North America - US,9/26/2013,US-2013-125402,Medium,OFF-LA-10003923,Alphabetical Labels for Top Tab Filing,14.8,2,30,Consumer,10/2/2013,Standard Class,1.64,California,Labels,39,6,North America - US - West,September,3,2013,Low Sales,North America - US|United States|North America - US - West|California|Long Beach
Office Supplies,Long Beach,United States,DL-128654,Dan Lawera,North America - US,9/26/2013,US-2013-125402,Medium,OFF-LA-10001771,Avery 513,2.2908,1,5,Consumer,10/2/2013,Standard Class,0.32,California,Labels,39,6,North America - US - West,September,3,2013,Low Sales,North America - US|United States|North America - US - West|California|Long Beach
Office Supplies,Redlands,United States,CM-124454,Chuck Magee,North America - US,9/27/2013,CA-2013-145898,Medium,OFF-AR-10002445,SANFORD Major Accent Highlighters,13.452,5,35,Consumer,9/27/2013,Same Day,2.96,California,Art,39,0,North America - US - West,September,3,2013,Low Sales,North America - US|United States|North America - US - West|California|Redlands
Office Supplies,Redlands,United States,CM-124454,Chuck Magee,North America - US,9/27/2013,CA-2013-145898,Medium,OFF-LA-10000262,Avery 494,3.6018,3,8,Consumer,9/27/2013,Same Day,1.25,California,Labels,39,0,North America - US - West,September,3,2013,Low Sales,North America - US|United States|North America - US - West|California|Redlands
Office Supplies,Redlands,United States,CM-124454,Chuck Magee,North America - US,9/27/2013,CA-2013-145898,Medium,OFF-ST-10004507,Advantus Rolling Storage Box,13.8915,3,51,Consumer,9/27/2013,Same Day,4.76,California,Storage,39,0,North America - US - West,September,3,2013,Low Sales,North America - US|United States|North America - US - West|California|Redlands
Office Supplies,Lake Forest,United States,DB-129104,Daniel Byrd,North America - US,10/4/2013,CA-2013-101672,Medium,OFF-LA-10002271,Smead Alpha-Z Color-Coded Second Alphabetical Labels and Starter Set,2.9568,2,6,Home Office,10/8/2013,Standard Class,0.39,California,Labels,40,4,North America - US - West,October,4,2013,Low Sales,North America - US|United States|North America - US - West|California|Lake Forest
Office Supplies,Roseville,United States,LC-168854,Lena Creighton,North America - US,10/14/2013,CA-2013-145583,Medium,OFF-AR-10001149,"Sanford Colorific Colored Pencils, 12/Box",3.456,4,12,Consumer,10/20/2013,Standard Class,1.14,California,Art,42,6,North America - US - West,October,4,2013,Low Sales,North America - US|United States|North America - US - West|California|Roseville
Office Supplies,Roseville,United States,LC-168854,Lena Creighton,North America - US,10/14/2013,CA-2013-145583,Medium,OFF-FA-10002988,Ideal Clamps,1.9698,2,4,Consumer,10/20/2013,Standard Class,0.23,California,Fasteners,42,6,North America - US - West,October,4,2013,Low Sales,North America - US|United States|North America - US - West|California|Roseville
Office Supplies,Roseville,United States,LC-168854,Lena Creighton,North America - US,10/14/2013,CA-2013-145583,Medium,OFF-SU-10001218,Fiskars Softgrip Scissors,18.4464,6,66,Consumer,10/20/2013,Standard Class,3.06,California,Supplies,42,6,North America - US - West,October,4,2013,Low Sales,North America - US|United States|North America - US - West|California|Roseville
Office Supplies,San Luis Obispo,United States,SP-209204,Susan Pistek,North America - US,10/31/2013,CA-2013-105291,Medium,OFF-FA-10003059,Assorted Color Push Pins,1.1946,2,4,Consumer,11/5/2013,Standard Class,0.15,California,Fasteners,44,5,North America - US - West,October,4,2013,Low Sales,North America - US|United States|North America - US - West|California|San Luis Obispo
Office Supplies,Chula Vista,United States,TT-212204,Thomas Thornton,North America - US,11/5/2013,CA-2013-146766,Critical,OFF-AR-10002135,Boston Heavy-Duty Trimline Electric Pencil Sharpeners,55.912,4,193,Consumer,11/5/2013,Same Day,66.57,California,Art,45,0,North America - US - West,November,4,2013,Medium Sales,North America - US|United States|North America - US - West|California|Chula Vista
Office Supplies,San Jose,United States,LH-171554,Logan Haushalter,North America - US,11/6/2013,CA-2013-144092,High,OFF-EN-10001434,"Strathmore #10 Envelopes, Ultimate White",77.4837,3,158,Consumer,11/8/2013,Second Class,11.47,California,Envelopes,45,2,North America - US - West,November,4,2013,Medium Sales,North America - US|United States|North America - US - West|California|San Jose
Office Supplies,Oxnard,United States,LB-167954,Laurel Beltran,North America - US,12/2/2013,US-2013-155768,High,OFF-EN-10001219,"#10- 4 1/8"" x 9 1/2"" Security-Tint Envelopes",11.2308,3,23,Home Office,12/2/2013,Same Day,0.01,California,Envelopes,49,0,North America - US - West,December,4,2013,Low Sales,North America - US|United States|North America - US - West|California|Oxnard
Office Supplies,Oxnard,United States,LB-167954,Laurel Beltran,North America - US,12/2/2013,US-2013-155768,High,OFF-ST-10002292,"Sauder Facets Collection Locker/File Cabinet, Sky Alder Finish",222.588,3,1113,Home Office,12/2/2013,Same Day,63.07,California,Storage,49,0,North America - US - West,December,4,2013,High Sales,North America - US|United States|North America - US - West|California|Oxnard
Office Supplies,San Jose,United States,KD-164954,Keith Dawkins,North America - US,12/3/2013,US-2013-113985,High,OFF-AP-10001303,"Holmes Cool Mist Humidifier for the Whole House with 8-Gallon Output per Day, Extended Life Filter",26.865,3,60,Corporate,12/8/2013,Standard Class,9.59,California,Appliances,49,5,North America - US - West,December,4,2013,Low Sales,North America - US|United States|North America - US - West|California|San Jose
Office Supplies,Morgan Hill,United States,RD-197204,Roger Demir,North America - US,12/4/2013,CA-2013-149762,High,OFF-AR-10001662,Rogers Handheld Barrel Pencil Sharpener,5.9184,8,22,Consumer,12/8/2013,Standard Class,2.18,California,Art,49,4,North America - US - West,December,4,2013,Low Sales,North America - US|United States|North America - US - West|California|Morgan Hill
Office Supplies,Morgan Hill,United States,RD-197204,Roger Demir,North America - US,12/4/2013,CA-2013-149762,High,OFF-ST-10001558,Acco Perma 4000 Stacking Storage Drawers,7.308,3,49,Consumer,12/8/2013,Standard Class,5.77,California,Storage,49,4,North America - US - West,December,4,2013,Low Sales,North America - US|United States|North America - US - West|California|Morgan Hill
Office Supplies,Anaheim,United States,WB-218504,William Brown,North America - US,12/12/2013,CA-2013-165330,Critical,OFF-AP-10001469,Fellowes 8 Outlet Superior Workstation Surge Protector,24.1918,2,83,Consumer,12/12/2013,Same Day,17.72,California,Appliances,50,0,North America - US - West,December,4,2013,Low Sales,North America - US|United States|North America - US - West|California|Anaheim
Office Supplies,Anaheim,United States,WB-218504,William Brown,North America - US,12/12/2013,CA-2013-165330,Critical,OFF-AR-10000914,Boston 16765 Mini Stand Up Battery Pencil Sharpener,6.0632,2,23,Consumer,12/12/2013,Same Day,6.79,California,Art,50,0,North America - US - West,December,4,2013,Low Sales,North America - US|United States|North America - US - West|California|Anaheim
Office Supplies,Anaheim,United States,WB-218504,William Brown,North America - US,12/12/2013,CA-2013-165330,Critical,OFF-ST-10000636,Rogers Profile Extra Capacity Storage Tub,2.0088,3,50,Consumer,12/12/2013,Same Day,11.03,California,Storage,50,0,North America - US - West,December,4,2013,Low Sales,North America - US|United States|North America - US - West|California|Anaheim
Office Supplies,Pasadena,United States,RF-198404,Roy Französisch,North America - US,12/13/2013,CA-2013-136686,High,OFF-AP-10002350,Belkin F9H710-06 7 Outlet SurgeMaster Surge Protector,15.8256,3,57,Consumer,12/17/2013,Standard Class,6.77,California,Appliances,50,4,North America - US - West,December,4,2013,Low Sales,North America - US|United States|North America - US - West|California|Pasadena
Office Supplies,Riverside,United States,JC-153404,Jasper Cacioppo,North America - US,12/14/2013,CA-2013-102792,Low,OFF-AR-10004757,Crayola Colored Pencils,3.2472,3,10,Consumer,12/20/2013,Standard Class,0.97,California,Art,50,6,North America - US - West,December,4,2013,Low Sales,North America - US|United States|North America - US - West|California|Riverside
Office Supplies,San Jose,United States,SC-203054,Sean Christensen,North America - US,12/25/2013,CA-2013-101651,Medium,OFF-EN-10001990,Staples,18.6872,7,40,Consumer,12/31/2013,Standard Class,3.95,California,Envelopes,52,6,North America - US - West,December,4,2013,Low Sales,North America - US|United States|North America - US - West|California|San Jose
Office Supplies,Santa Ana,United States,EM-141404,Eugene Moren,North America - US,12/28/2013,US-2013-131058,High,OFF-LA-10001613,Avery File Folder Labels,9.8784,7,20,Home Office,1/1/2014,Standard Class,3.56,California,Labels,52,4,North America - US - West,December,4,2013,Low Sales,North America - US|United States|North America - US - West|California|Santa Ana
Office Supplies,Sacramento,United States,FO-143054,Frank Olsen,North America - US,12/30/2013,CA-2013-112578,High,OFF-ST-10003722,Project Tote Personal File,4.0687,1,14,Consumer,1/3/2014,Standard Class,1.09,California,Storage,53,4,North America - US - West,December,4,2013,Low Sales,North America - US|United States|North America - US - West|California|Sacramento
Office Supplies,Sacramento,United States,FO-143054,Frank Olsen,North America - US,12/30/2013,CA-2013-112578,High,OFF-SU-10002557,Fiskars Spring-Action Scissors,7.2696,2,28,Consumer,1/3/2014,Standard Class,3.58,California,Supplies,53,4,North America - US - West,December,4,2013,Low Sales,North America - US|United States|North America - US - West|California|Sacramento
Office Supplies,Long Beach,United States,JF-151904,Jamie Frazer,North America - US,1/8/2014,US-2014-123862,High,OFF-FA-10003112,Staples,3.5505,1,8,Consumer,1/10/2014,Second Class,1.29,California,Fasteners,2,2,North America - US - West,January,1,2014,Low Sales,North America - US|United States|North America - US - West|California|Long Beach
Office Supplies,Long Beach,United States,JF-151904,Jamie Frazer,North America - US,1/8/2014,US-2014-123862,High,OFF-ST-10000760,Eldon Fold 'N Roll Cart System,44.5962,11,154,Consumer,1/10/2014,Second Class,26.21,California,Storage,2,2,North America - US - West,January,1,2014,Medium Sales,North America - US|United States|North America - US - West|California|Long Beach
Office Supplies,Long Beach,United States,JF-151904,Jamie Frazer,North America - US,1/8/2014,US-2014-123862,High,OFF-ST-10002301,Tennsco Commercial Shelving,0.6102,3,61,Consumer,1/10/2014,Second Class,9.95,California,Storage,2,2,North America - US - West,January,1,2014,Low Sales,North America - US|United States|North America - US - West|California|Long Beach
Office Supplies,Long Beach,United States,JF-151904,Jamie Frazer,North America - US,1/8/2014,US-2014-123862,High,OFF-SU-10004884,Acme Galleria Hot Forged Steel Scissors with Colored Handles,31.9319,7,110,Consumer,1/10/2014,Second Class,8.84,California,Supplies,2,2,North America - US - West,January,1,2014,Medium Sales,North America - US|United States|North America - US - West|California|Long Beach
Office Supplies,San Jose,United States,KD-164954,Keith Dawkins,North America - US,1/25/2014,CA-2014-104619,Medium,OFF-AP-10001492,"Acco Six-Outlet Power Strip, 4' Cord Length",6.7236,3,26,Corporate,1/30/2014,Standard Class,1.61,California,Appliances,4,5,North America - US - West,January,1,2014,Low Sales,North America - US|United States|North America - US - West|California|San Jose
Office Supplies,Torrance,United States,FC-143354,Fred Chung,North America - US,2/6/2014,CA-2014-107517,Medium,OFF-AP-10000275,"Sanyo Counter Height Refrigerator with Crisper, 3.6 Cubic Foot, Stainless Steel/Black",459.396,5,1641,Corporate,2/10/2014,Standard Class,77.66,California,Appliances,6,4,North America - US - West,February,1,2014,High Sales,North America - US|United States|North America - US - West|California|Torrance
Office Supplies,Santa Barbara,United States,BM-111404,Becky Martin,North America - US,2/27/2014,CA-2014-121706,Medium,OFF-AP-10003287,Tripp Lite TLP810NET Broadband Surge for Modem/Fax,99.9012,7,357,Consumer,3/3/2014,Standard Class,28.86,California,Appliances,9,4,North America - US - West,February,1,2014,Medium Sales,North America - US|United States|North America - US - West|California|Santa Barbara
Office Supplies,Anaheim,United States,AH-102104,Alan Hwang,North America - US,3/9/2014,CA-2014-104080,Medium,OFF-AR-10001972,Newell 323,0.8736,2,3,Consumer,3/16/2014,Standard Class,0.27,California,Art,11,7,North America - US - West,March,1,2014,Low Sales,North America - US|United States|North America - US - West|California|Anaheim
Office Supplies,Fresno,United States,CV-122954,Christina VanderZanden,North America - US,3/26/2014,US-2014-117534,Critical,OFF-AP-10002403,Acco Smartsocket Color-Coded Six-Outlet AC Adapter Model Surge Protectors,45.7704,4,176,Consumer,3/27/2014,First Class,51.23,California,Appliances,13,1,North America - US - West,March,1,2014,Medium Sales,North America - US|United States|North America - US - West|California|Fresno
Office Supplies,Fresno,United States,CV-122954,Christina VanderZanden,North America - US,3/26/2014,US-2014-117534,Critical,OFF-AR-10003087,Staples,4.4856,9,16,Consumer,3/27/2014,First Class,5.85,California,Art,13,1,North America - US - West,March,1,2014,Low Sales,North America - US|United States|North America - US - West|California|Fresno
Office Supplies,Fairfield,United States,DH-130754,Dave Hallsten,North America - US,3/29/2014,US-2014-147886,High,OFF-ST-10002743,SAFCO Boltless Steel Shelving,7.9548,7,795,Corporate,4/1/2014,First Class,139.58,California,Storage,13,3,North America - US - West,March,1,2014,High Sales,North America - US|United States|North America - US - West|California|Fairfield
Office Supplies,Pasadena,United States,LW-172154,Luke Weiss,North America - US,4/12/2014,CA-2014-166128,Low,OFF-AR-10001221,"Dixon Ticonderoga Erasable Colored Pencil Set, 12-Color",14.2324,7,42,Consumer,4/19/2014,Standard Class,6.33,California,Art,15,7,North America - US - West,April,2,2014,Low Sales,North America - US|United States|North America - US - West|California|Pasadena
Office Supplies,San Jose,United States,JE-157454,Joel Eaton,North America - US,4/17/2014,CA-2014-108070,High,OFF-ST-10004804,"Belkin 19"" Vented Equipment Shelf, Black",2.0592,4,206,Consumer,4/21/2014,Standard Class,22.03,California,Storage,16,4,North America - US - West,April,2,2014,Medium Sales,North America - US|United States|North America - US - West|California|San Jose
Office Supplies,Santa Barbara,United States,MG-178904,Michael Granlund,North America - US,4/25/2014,CA-2014-166933,High,OFF-FA-10002676,Colored Push Pins,0.6516,1,2,Home Office,4/29/2014,Standard Class,0.23,California,Fasteners,17,4,North America - US - West,April,2,2014,Low Sales,North America - US|United States|North America - US - West|California|Santa Barbara
Office Supplies,Westminster,United States,CC-122204,Chris Cortes,North America - US,5/5/2014,CA-2014-119914,Medium,OFF-AP-10002684,"Acco 7-Outlet Masterpiece Power Center, Wihtout Fax/Phone Line Protection",72.948,2,243,Consumer,5/10/2014,Second Class,25.33,California,Appliances,19,5,North America - US - West,May,2,2014,Medium Sales,North America - US|United States|North America - US - West|California|Westminster
Office Supplies,Rancho Cucamonga,United States,TS-216554,Trudy Schmidt,North America - US,5/7/2014,CA-2014-133487,Critical,OFF-AP-10001271,Eureka The Boss Cordless Rechargeable Stick Vac,41.2938,3,153,Consumer,5/10/2014,Second Class,27.79,California,Appliances,19,3,North America - US - West,May,2,2014,Medium Sales,North America - US|United States|North America - US - West|California|Rancho Cucamonga
Office Supplies,Thousand Oaks,United States,GZ-145454,George Zrebassa,North America - US,6/11/2014,CA-2014-137001,Medium,OFF-AR-10001231,"Sanford EarthWrite Recycled Pencils, Medium Soft, #2",4.116,7,15,Corporate,6/14/2014,Second Class,0.39,California,Art,24,3,North America - US - West,June,2,2014,Low Sales,North America - US|United States|North America - US - West|California|Thousand Oaks
Office Supplies,Huntington Beach,United States,CJ-120104,Caroline Jumper,North America - US,6/25/2014,CA-2014-122105,Medium,OFF-AR-10004344,Bulldog Vacuum Base Pencil Sharpener,25.8984,8,96,Consumer,6/29/2014,Standard Class,7.48,California,Art,26,4,North America - US - West,June,2,2014,Low Sales,North America - US|United States|North America - US - West|California|Huntington Beach
Office Supplies,Pomona,United States,NH-186104,Nicole Hansen,North America - US,6/25/2014,CA-2014-100384,Medium,OFF-AR-10003514,4009 Highlighters by Sanford,11.8206,9,36,Corporate,7/2/2014,Standard Class,2.09,California,Art,26,7,North America - US - West,June,2,2014,Low Sales,North America - US|United States|North America - US - West|California|Pomona
Office Supplies,Pomona,United States,NH-186104,Nicole Hansen,North America - US,6/25/2014,CA-2014-100384,Medium,OFF-AR-10002135,Boston Heavy-Duty Trimline Electric Pencil Sharpeners,111.824,8,386,Corporate,7/2/2014,Standard Class,31.5,California,Art,26,7,North America - US - West,June,2,2014,Medium Sales,North America - US|United States|North America - US - West|California|Pomona
Office Supplies,Anaheim,United States,DK-132254,Dean Katz,North America - US,6/30/2014,CA-2014-100650,Medium,OFF-ST-10001780,Tennsco 16-Compartment Lockers with Coat Rack,310.9872,2,1296,Corporate,7/4/2014,Second Class,77.96,California,Storage,27,4,North America - US - West,June,2,2014,High Sales,North America - US|United States|North America - US - West|California|Anaheim
Office Supplies,San Mateo,United States,VG-217904,Vivek Gonzalez,North America - US,7/9/2014,CA-2014-150189,Critical,OFF-LA-10002762,Avery 485,35.3346,6,75,Consumer,7/11/2014,First Class,20.54,California,Labels,28,2,North America - US - West,July,3,2014,Low Sales,North America - US|United States|North America - US - West|California|San Mateo
Office Supplies,Westminster,United States,TC-212954,Toby Carlisle,North America - US,7/15/2014,CA-2014-121048,High,OFF-AR-10004042,"BOSTON Model 1800 Electric Pencil Sharpeners, Putty/Woodgrain",20.8568,4,72,Consumer,7/19/2014,Standard Class,9.08,California,Art,29,4,North America - US - West,July,3,2014,Low Sales,North America - US|United States|North America - US - West|California|Westminster
Office Supplies,Westminster,United States,TC-212954,Toby Carlisle,North America - US,7/15/2014,CA-2014-121048,High,OFF-FA-10000490,"OIC Binder Clips, Mini, 1/4"" Capacity, Black",2.3312,4,5,Consumer,7/19/2014,Standard Class,0.54,California,Fasteners,29,4,North America - US - West,July,3,2014,Low Sales,North America - US|United States|North America - US - West|California|Westminster
Office Supplies,Apple Valley,United States,AJ-107954,Anthony Johnson,North America - US,7/18/2014,CA-2014-142342,High,OFF-EN-10002592,"Peel & Seel Recycled Catalog Envelopes, Brown",28.95,5,58,Corporate,7/20/2014,Second Class,4.74,California,Envelopes,29,2,North America - US - West,July,3,2014,Low Sales,North America - US|United States|North America - US - West|California|Apple Valley
Office Supplies,Apple Valley,United States,AJ-107954,Anthony Johnson,North America - US,7/18/2014,CA-2014-142342,High,OFF-ST-10002957,Sterilite Show Offs Storage Containers,0,2,11,Corporate,7/20/2014,Second Class,1.18,California,Storage,29,2,North America - US - West,July,3,2014,Low Sales,North America - US|United States|North America - US - West|California|Apple Valley
Office Supplies,Concord,United States,AR-108254,Anthony Rawles,North America - US,7/22/2014,CA-2014-118724,High,OFF-AR-10003469,Nontoxic Chalk,1.6896,2,4,Corporate,7/26/2014,Second Class,0.18,California,Art,30,4,North America - US - West,July,3,2014,Low Sales,North America - US|United States|North America - US - West|California|Concord
Office Supplies,Mission Viejo,United States,JL-158354,John Lee,North America - US,7/31/2014,CA-2014-167913,High,OFF-LA-10002787,Avery 480,12.6,7,26,Consumer,8/4/2014,Second Class,1.37,California,Labels,31,4,North America - US - West,July,3,2014,Low Sales,North America - US|United States|North America - US - West|California|Mission Viejo
Office Supplies,Mission Viejo,United States,JL-158354,John Lee,North America - US,7/31/2014,CA-2014-167913,High,OFF-ST-10000585,Economy Rollaway Files,85.904,2,330,Consumer,8/4/2014,Second Class,44.93,California,Storage,31,4,North America - US - West,July,3,2014,Medium Sales,North America - US|United States|North America - US - West|California|Mission Viejo
Office Supplies,Westminster,United States,JL-155054,Jeremy Lonsdale,North America - US,8/8/2014,CA-2014-156776,High,OFF-AP-10002534,3.6 Cubic Foot Counter Height Office Refrigerator,412.468,5,1473,Consumer,8/12/2014,Standard Class,161.21,California,Appliances,32,4,North America - US - West,August,3,2014,High Sales,North America - US|United States|North America - US - West|California|Westminster
Office Supplies,Lake Forest,United States,JM-161954,Justin MacKendrick,North America - US,8/13/2014,CA-2014-158169,Medium,OFF-AP-10000828,Avanti 4.4 Cu. Ft. Refrigerator,152.0232,3,543,Consumer,8/16/2014,First Class,36.81,California,Appliances,33,3,North America - US - West,August,3,2014,High Sales,North America - US|United States|North America - US - West|California|Lake Forest
Office Supplies,Brentwood,United States,RW-195404,Rick Wilson,North America - US,8/18/2014,CA-2014-166093,Medium,OFF-AP-10001058,Sanyo 2.5 Cubic Foot Mid-Size Office Refrigerators,654.7554,9,2518,Corporate,8/25/2014,Standard Class,173.07,California,Appliances,34,7,North America - US - West,August,3,2014,High Sales,North America - US|United States|North America - US - West|California|Brentwood
Office Supplies,Brentwood,United States,RW-195404,Rick Wilson,North America - US,8/18/2014,CA-2014-166093,Medium,OFF-EN-10003134,Staples,11.68,2,23,Corporate,8/25/2014,Standard Class,2.13,California,Envelopes,34,7,North America - US - West,August,3,2014,Low Sales,North America - US|United States|North America - US - West|California|Brentwood
Office Supplies,Brentwood,United States,RW-195404,Rick Wilson,North America - US,8/18/2014,CA-2014-166093,Medium,OFF-ST-10001496,Standard Rollaway File with Lock,140.5482,3,541,Corporate,8/25/2014,Standard Class,33.69,California,Storage,34,7,North America - US - West,August,3,2014,High Sales,North America - US|United States|North America - US - West|California|Brentwood
Office Supplies,Oakland,United States,PR-188804,Patrick Ryan,North America - US,8/22/2014,US-2014-109253,Medium,OFF-AP-10002867,Fellowes Command Center 5-outlet power strip,54.9504,3,204,Consumer,8/23/2014,First Class,17.13,California,Appliances,34,1,North America - US - West,August,3,2014,Medium Sales,North America - US|United States|North America - US - West|California|Oakland
Office Supplies,Oakland,United States,PR-188804,Patrick Ryan,North America - US,8/22/2014,US-2014-109253,Medium,OFF-AR-10000203,Newell 336,4.9648,4,17,Consumer,8/23/2014,First Class,2.36,California,Art,34,1,North America - US - West,August,3,2014,Low Sales,North America - US|United States|North America - US - West|California|Oakland
Office Supplies,Oakland,United States,PR-188804,Patrick Ryan,North America - US,8/22/2014,US-2014-109253,Medium,OFF-LA-10001158,"Avery Address/Shipping Labels for Typewriters, 4"" x 2""",24.84,5,52,Consumer,8/23/2014,First Class,9.15,California,Labels,34,1,North America - US - West,August,3,2014,Low Sales,North America - US|United States|North America - US - West|California|Oakland
Office Supplies,Inglewood,United States,DR-128804,Dan Reichenbach,North America - US,8/28/2014,CA-2014-161956,Medium,OFF-AP-10001242,APC 7 Outlet Network SurgeArrest Surge Protector,96.576,4,322,Corporate,8/30/2014,Second Class,7.51,California,Appliances,35,2,North America - US - West,August,3,2014,Medium Sales,North America - US|United States|North America - US - West|California|Inglewood
Office Supplies,Inglewood,United States,DR-128804,Dan Reichenbach,North America - US,8/28/2014,CA-2014-161956,Medium,OFF-ST-10001370,Sensible Storage WireTech Storage Systems,17.745,5,355,Corporate,8/30/2014,Second Class,29.01,California,Storage,35,2,North America - US - West,August,3,2014,Medium Sales,North America - US|United States|North America - US - West|California|Inglewood
Office Supplies,Inglewood,United States,DR-128804,Dan Reichenbach,North America - US,8/28/2014,CA-2014-161956,Medium,OFF-SU-10002503,Acme Preferred Stainless Steel Scissors,8.236,5,28,Corporate,8/30/2014,Second Class,2.2,California,Supplies,35,2,North America - US - West,August,3,2014,Low Sales,North America - US|United States|North America - US - West|California|Inglewood
Office Supplies,Bakersfield,United States,AW-108404,Anthony Witt,North America - US,9/3/2014,CA-2014-123001,Low,OFF-AR-10001919,"OIC #2 Pencils, Medium Soft",2.726,5,9,Consumer,9/9/2014,Standard Class,1,California,Art,36,6,North America - US - West,September,3,2014,Low Sales,North America - US|United States|North America - US - West|California|Bakersfield
Office Supplies,Bakersfield,United States,AW-108404,Anthony Witt,North America - US,9/3/2014,CA-2014-123001,Low,OFF-LA-10004544,Avery 505,37,5,74,Consumer,9/9/2014,Standard Class,6.93,California,Labels,36,6,North America - US - West,September,3,2014,Low Sales,North America - US|United States|North America - US - West|California|Bakersfield
Office Supplies,Santa Ana,United States,EJ-141554,Eva Jacobs,North America - US,9/5/2014,CA-2014-147410,Medium,OFF-ST-10003805,"24 Capacity Maxi Data Binder Racks, Pearl",105.275,2,421,Consumer,9/9/2014,Standard Class,11.15,California,Storage,36,4,North America - US - West,September,3,2014,Medium Sales,North America - US|United States|North America - US - West|California|Santa Ana
Office Supplies,Long Beach,United States,KF-162854,Karen Ferguson,North America - US,9/12/2014,CA-2014-149559,Critical,OFF-EN-10002312,#10 Self-Seal White Envelopes,10.8682,2,22,Home Office,9/13/2014,Same Day,6.24,California,Envelopes,37,1,North America - US - West,September,3,2014,Low Sales,North America - US|United States|North America - US - West|California|Long Beach
Office Supplies,Inglewood,United States,BB-109904,Barry Blumstein,North America - US,9/17/2014,CA-2014-118136,High,OFF-AR-10001427,Newell 330,1.5548,1,6,Corporate,9/18/2014,First Class,1.31,California,Art,38,1,North America - US - West,September,3,2014,Low Sales,North America - US|United States|North America - US - West|California|Inglewood
Office Supplies,Santa Ana,United States,BK-112604,Berenike Kampe,North America - US,9/23/2014,CA-2014-117009,Medium,OFF-SU-10001218,Fiskars Softgrip Scissors,6.1488,2,22,Consumer,9/29/2014,Standard Class,1.76,California,Supplies,39,6,North America - US - West,September,3,2014,Low Sales,North America - US|United States|North America - US - West|California|Santa Ana
Office Supplies,Bakersfield,United States,PG-188204,Patrick Gardner,North America - US,9/30/2014,CA-2014-140186,Medium,OFF-AP-10002578,"Fellowes Premier Superior Surge Suppressor, 10-Outlet, With Phone and Remote",25.4384,2,98,Consumer,10/3/2014,First Class,11.5,California,Appliances,40,3,North America - US - West,September,3,2014,Low Sales,North America - US|United States|North America - US - West|California|Bakersfield
Office Supplies,Bakersfield,United States,PG-188204,Patrick Gardner,North America - US,9/30/2014,CA-2014-140186,Medium,OFF-FA-10002280,Advantus Plastic Paper Clips,16.8,7,35,Consumer,10/3/2014,First Class,0.04,California,Fasteners,40,3,North America - US - West,September,3,2014,Low Sales,North America - US|United States|North America - US - West|California|Bakersfield
Office Supplies,Lodi,United States,JK-157304,Joe Kamberova,North America - US,9/30/2014,CA-2014-137918,Medium,OFF-SU-10000898,"Acme Hot Forged Carbon Steel Scissors with Nickel-Plated Handles, 3 7/8"" Cut, 8""L",28.217,7,97,Consumer,10/7/2014,Standard Class,7.75,California,Supplies,40,7,North America - US - West,September,3,2014,Low Sales,North America - US|United States|North America - US - West|California|Lodi
Office Supplies,San Jose,United States,NS-185054,Neola Schneider,North America - US,10/2/2014,CA-2014-129378,High,OFF-AP-10000576,"Belkin 325VA UPS Surge Protector, 6'",60.49,2,242,Consumer,10/3/2014,First Class,41.79,California,Appliances,40,1,North America - US - West,October,4,2014,Medium Sales,North America - US|United States|North America - US - West|California|San Jose
Office Supplies,Chico,United States,GG-146504,Greg Guthrie,North America - US,10/6/2014,CA-2014-131807,Medium,OFF-AP-10004052,"Hoover Replacement Belts For Soft Guard & Commercial Ltweight Upright Vacs, 2/Pk",4.108,4,16,Corporate,10/11/2014,Standard Class,0.71,California,Appliances,41,5,North America - US - West,October,4,2014,Low Sales,North America - US|United States|North America - US - West|California|Chico
Office Supplies,Chico,United States,GG-146504,Greg Guthrie,North America - US,10/6/2014,CA-2014-131807,Medium,OFF-FA-10002780,Staples,6.854,5,15,Corporate,10/11/2014,Standard Class,1.77,California,Fasteners,41,5,North America - US - West,October,4,2014,Low Sales,North America - US|United States|North America - US - West|California|Chico
Office Supplies,Camarillo,United States,MC-172754,Marc Crier,North America - US,10/16/2014,CA-2014-154949,Medium,OFF-LA-10002034,Avery 478,7.2177,3,15,Consumer,10/20/2014,Standard Class,1.07,California,Labels,42,4,North America - US - West,October,4,2014,Low Sales,North America - US|United States|North America - US - West|California|Camarillo
Office Supplies,Thousand Oaks,United States,DL-134954,Dionis Lloyd,North America - US,10/16/2014,CA-2014-142643,Medium,OFF-LA-10003510,"Avery 4027 File Folder Labels for Dot Matrix Printers, 5000 Labels per Box, White",70.219,5,153,Corporate,10/21/2014,Standard Class,7.71,California,Labels,42,5,North America - US - West,October,4,2014,Medium Sales,North America - US|United States|North America - US - West|California|Thousand Oaks
Office Supplies,Woodland,United States,JE-161654,Justin Ellison,North America - US,10/21/2014,US-2014-146416,Medium,OFF-LA-10003714,Avery 510,1.8,1,4,Corporate,10/23/2014,Second Class,0.4,California,Labels,43,2,North America - US - West,October,4,2014,Low Sales,North America - US|United States|North America - US - West|California|Woodland
Office Supplies,Danville,United States,NL-183104,Nancy Lomonaco,North America - US,11/3/2014,US-2014-163790,Critical,OFF-AR-10003469,Nontoxic Chalk,4.224,5,9,Home Office,11/5/2014,Second Class,3.22,California,Art,45,2,North America - US - West,November,4,2014,Low Sales,North America - US|United States|North America - US - West|California|Danville
Office Supplies,Danville,United States,NL-183104,Nancy Lomonaco,North America - US,11/3/2014,US-2014-163790,Critical,OFF-EN-10001335,"White Business Envelopes with Contemporary Seam, Recycled White Business Envelopes",38.29,7,77,Home Office,11/5/2014,Second Class,12.32,California,Envelopes,45,2,North America - US - West,November,4,2014,Low Sales,North America - US|United States|North America - US - West|California|Danville
Office Supplies,Danville,United States,NL-183104,Nancy Lomonaco,North America - US,11/3/2014,US-2014-163790,Critical,OFF-FA-10004838,"Super Bands, 12/Pack",0.1674,3,6,Home Office,11/5/2014,Second Class,1.46,California,Fasteners,45,2,North America - US - West,November,4,2014,Low Sales,North America - US|United States|North America - US - West|California|Danville
Office Supplies,Danville,United States,NL-183104,Nancy Lomonaco,North America - US,11/3/2014,US-2014-163790,Critical,OFF-ST-10001511,Space Solutions Commercial Steel Shelving,22.6275,7,453,Home Office,11/5/2014,Second Class,86.11,California,Storage,45,2,North America - US - West,November,4,2014,Medium Sales,North America - US|United States|North America - US - West|California|Danville
Office Supplies,Coachella,United States,MC-175904,Matt Collister,North America - US,11/10/2014,CA-2014-159597,High,OFF-ST-10002289,"Safco Wire Cube Shelving System, For Use as 4 or 5 14"" Cubes, Black",3.178,2,64,Corporate,11/15/2014,Standard Class,6.45,California,Storage,46,5,North America - US - West,November,4,2014,Low Sales,North America - US|United States|North America - US - West|California|Coachella
Office Supplies,Riverside,United States,TB-211904,Thomas Brumley,North America - US,11/11/2014,CA-2014-162096,Critical,OFF-AR-10002221,12 Colored Short Pencils,2.106,3,8,Home Office,11/11/2014,Same Day,1.74,California,Art,46,0,North America - US - West,November,4,2014,Low Sales,North America - US|United States|North America - US - West|California|Riverside
Office Supplies,Fresno,United States,JK-153704,Jay Kimmel,North America - US,11/17/2014,CA-2014-100601,Medium,OFF-ST-10002486,Eldon Shelf Savers Cubes and Bins,0.9772,7,49,Consumer,11/21/2014,Standard Class,3.31,California,Storage,47,4,North America - US - West,November,4,2014,Low Sales,North America - US|United States|North America - US - West|California|Fresno
Office Supplies,Escondido,United States,EK-137954,Eileen Kiefer,North America - US,11/17/2014,CA-2014-108091,Medium,OFF-AR-10000255,Newell 328,6.0736,4,23,Home Office,11/22/2014,Standard Class,1.11,California,Art,47,5,North America - US - West,November,4,2014,Low Sales,North America - US|United States|North America - US - West|California|Escondido
Office Supplies,Pasadena,United States,BF-110054,Barry Franz,North America - US,11/22/2014,CA-2014-103380,Medium,OFF-AP-10001492,"Acco Six-Outlet Power Strip, 4' Cord Length",2.2412,1,9,Home Office,11/26/2014,Standard Class,0.73,California,Appliances,47,4,North America - US - West,November,4,2014,Low Sales,North America - US|United States|North America - US - West|California|Pasadena
Office Supplies,Pasadena,United States,BF-110054,Barry Franz,North America - US,11/22/2014,CA-2014-103380,Medium,OFF-AR-10003856,Newell 344,1.4456,2,6,Home Office,11/26/2014,Standard Class,0.4,California,Art,47,4,North America - US - West,November,4,2014,Low Sales,North America - US|United States|North America - US - West|California|Pasadena
Office Supplies,Pasadena,United States,BF-110054,Barry Franz,North America - US,11/22/2014,CA-2014-103380,Medium,OFF-FA-10004248,Advantus T-Pin Paper Clips,3.5178,2,9,Home Office,11/26/2014,Standard Class,0.26,California,Fasteners,47,4,North America - US - West,November,4,2014,Low Sales,North America - US|United States|North America - US - West|California|Pasadena
Office Supplies,Pasadena,United States,BF-110054,Barry Franz,North America - US,11/22/2014,CA-2014-103380,Medium,OFF-ST-10003442,Eldon Portable Mobile Manager,15.2712,2,57,Home Office,11/26/2014,Standard Class,5.7,California,Storage,47,4,North America - US - West,November,4,2014,Low Sales,North America - US|United States|North America - US - West|California|Pasadena
Office Supplies,Oakland,United States,BB-115454,Brenda Bowman,North America - US,12/3/2014,CA-2014-102379,High,OFF-AR-10004022,Panasonic KP-380BK Classic Electric Pencil Sharpener,44.975,5,180,Corporate,12/7/2014,Standard Class,21.53,California,Art,49,4,North America - US - West,December,4,2014,Medium Sales,North America - US|United States|North America - US - West|California|Oakland
Office Supplies,Brentwood,United States,BN-114704,Brad Norvell,North America - US,12/7/2014,US-2014-149006,High,OFF-ST-10003221,Staples,2.8836,1,11,Corporate,12/9/2014,Second Class,2.12,California,Storage,50,2,North America - US - West,December,4,2014,Low Sales,North America - US|United States|North America - US - West|California|Brentwood
Office Supplies,Inglewood,United States,LF-171854,Luke Foster,North America - US,12/9/2014,CA-2014-148264,Critical,OFF-ST-10003327,Akro-Mils 12-Gallon Tote,8.6391,3,30,Consumer,12/10/2014,First Class,7.63,California,Storage,50,1,North America - US - West,December,4,2014,Low Sales,North America - US|United States|North America - US - West|California|Inglewood
Office Supplies,Inglewood,United States,KM-166604,Khloe Miller,North America - US,12/16/2014,CA-2014-154116,High,OFF-AP-10000027,Hoover Commercial SteamVac,16.296,4,54,Consumer,12/20/2014,Standard Class,6.72,California,Appliances,51,4,North America - US - West,December,4,2014,Low Sales,North America - US|United States|North America - US - West|California|Inglewood
Office Supplies,Sunnyvale,United States,KM-162254,Kalyca Meade,North America - US,12/17/2014,CA-2014-137463,Medium,OFF-AR-10001988,Bulldog Table or Wall-Mount Pencil Sharpener,8.6855,5,30,Corporate,12/21/2014,Second Class,3.15,California,Art,51,4,North America - US - West,December,4,2014,Low Sales,North America - US|United States|North America - US - West|California|Sunnyvale
Office Supplies,Sunnyvale,United States,KM-162254,Kalyca Meade,North America - US,12/17/2014,CA-2014-137463,Medium,OFF-LA-10003498,Avery 475,22.2,3,44,Corporate,12/21/2014,Second Class,3.69,California,Labels,51,4,North America - US - West,December,4,2014,Low Sales,North America - US|United States|North America - US - West|California|Sunnyvale
Office Supplies,Anaheim,United States,CA-123104,Christine Abelman,North America - US,12/18/2014,CA-2014-120936,High,OFF-ST-10001526,Iceberg Mobile Mega Data/Printer Cart,125.1432,4,481,Corporate,12/22/2014,Standard Class,70.3,California,Storage,51,4,North America - US - West,December,4,2014,Medium Sales,North America - US|United States|North America - US - West|California|Anaheim
Office Supplies,Anaheim,United States,CA-123104,Christine Abelman,North America - US,12/18/2014,CA-2014-120936,High,OFF-SU-10002557,Fiskars Spring-Action Scissors,3.6348,1,14,Corporate,12/22/2014,Standard Class,1.54,California,Supplies,51,4,North America - US - West,December,4,2014,Low Sales,North America - US|United States|North America - US - West|California|Anaheim
Office Supplies,Oakland,United States,YS-218804,Yana Sorensen,North America - US,12/22/2014,CA-2014-138380,High,OFF-ST-10003306,Letter Size Cart,290.0058,7,1000,Corporate,12/26/2014,Standard Class,172.55,California,Storage,52,4,North America - US - West,December,4,2014,High Sales,North America - US|United States|North America - US - West|California|Oakland
Office Supplies,Costa Mesa,United States,SE-201104,Sanjit Engle,North America - US,12/22/2014,CA-2014-144827,Medium,OFF-ST-10004340,"Fellowes Mobile File Cart, Black",33.5772,2,124,Consumer,12/28/2014,Standard Class,6.61,California,Storage,52,6,North America - US - West,December,4,2014,Medium Sales,North America - US|United States|North America - US - West|California|Costa Mesa
Office Supplies,Moreno Valley,United States,SA-208304,Sue Ann Reed,North America - US,2/23/2011,CA-2011-133354,High,OFF-PA-10001800,Xerox 220,9.3312,3,19,Consumer,2/25/2011,First Class,5.01,California,Paper,9,2,North America - US - West,February,1,2011,Low Sales,North America - US|United States|North America - US - West|California|Moreno Valley
Office Supplies,Huntington Beach,United States,DK-132254,Dean Katz,North America - US,3/14/2011,CA-2011-157623,High,OFF-PA-10001204,Xerox 1972,4.752,2,11,Corporate,3/18/2011,Standard Class,1.23,California,Paper,12,4,North America - US - West,March,1,2011,Low Sales,North America - US|United States|North America - US - West|California|Huntington Beach
Office Supplies,San Jose,United States,GM-146804,Greg Matthias,North America - US,5/10/2011,CA-2011-103310,Medium,OFF-PA-10004353,Southworth 25% Cotton Premium Laser Paper and Envelopes,19.1808,2,40,Consumer,5/15/2011,Standard Class,2.45,California,Paper,20,5,North America - US - West,May,2,2011,Low Sales,North America - US|United States|North America - US - West|California|San Jose
Office Supplies,Riverside,United States,JD-158954,Jonathan Doherty,North America - US,7/20/2011,CA-2011-127866,High,OFF-PA-10003971,Xerox 1965,5.8604,2,12,Corporate,7/23/2011,First Class,2.18,California,Paper,30,3,North America - US - West,July,3,2011,Low Sales,North America - US|United States|North America - US - West|California|Riverside
Office Supplies,Fresno,United States,GM-145004,Gene McClure,North America - US,8/9/2011,CA-2011-141901,High,OFF-PA-10001667,Great White Multi-Use Recycled Paper (20Lb. and 84 Bright),2.691,1,6,Consumer,8/14/2011,Standard Class,1.05,California,Paper,33,5,North America - US - West,August,3,2011,Low Sales,North America - US|United States|North America - US - West|California|Fresno
Office Supplies,Santa Clara,United States,LR-170354,Lisa Ryan,North America - US,9/7/2011,CA-2011-109918,Medium,OFF-PA-10000174,"Message Book, Wirebound, Four 5 1/2"" X 4"" Forms/Pg., 200 Dupl. Sets/Book",9.6632,2,21,Corporate,9/12/2011,Second Class,0.79,California,Paper,37,5,North America - US - West,September,3,2011,Low Sales,North America - US|United States|North America - US - West|California|Santa Clara
Office Supplies,Brentwood,United States,LW-168254,Laurel Workman,North America - US,11/25/2011,CA-2011-164721,High,OFF-PA-10000575,"Wirebound Message Books, Four 2 3/4 x 5 White Forms per Page",12.3096,4,27,Corporate,11/27/2011,Second Class,2.96,California,Paper,48,2,North America - US - West,November,4,2011,Low Sales,North America - US|United States|North America - US - West|California|Brentwood
Office Supplies,Fresno,United States,LS-172004,Luke Schmidt,North America - US,11/26/2011,CA-2011-141110,Medium,OFF-PA-10002586,Xerox 1970,7.0218,3,15,Corporate,12/1/2011,Standard Class,1.73,California,Paper,48,5,North America - US - West,November,4,2011,Low Sales,North America - US|United States|North America - US - West|California|Fresno
Office Supplies,Moreno Valley,United States,EM-138254,Elizabeth Moffitt,North America - US,1/26/2012,CA-2012-109603,Medium,OFF-PA-10003790,Xerox 1991,84.0512,8,183,Corporate,2/1/2012,Standard Class,11.2,California,Paper,4,6,North America - US - West,January,1,2012,Medium Sales,North America - US|United States|North America - US - West|California|Moreno Valley
Office Supplies,Roseville,United States,AI-108554,Arianne Irving,North America - US,3/14/2012,CA-2012-167479,Medium,OFF-PA-10002105,Xerox 223,9.3312,3,19,Consumer,3/19/2012,Standard Class,1.52,California,Paper,11,5,North America - US - West,March,1,2012,Low Sales,North America - US|United States|North America - US - West|California|Roseville
Office Supplies,San Bernardino,United States,BK-112604,Berenike Kampe,North America - US,3/19/2012,CA-2012-113110,High,OFF-PA-10002749,"Wirebound Message Books, 5-1/2 x 4 Forms, 2 or 4 Forms per Page",19.6686,6,40,Consumer,3/23/2012,Standard Class,5.85,California,Paper,12,4,North America - US - West,March,1,2012,Low Sales,North America - US|United States|North America - US - West|California|San Bernardino
Office Supplies,San Jose,United States,SP-206504,Stephanie Phelps,North America - US,5/31/2012,CA-2012-124919,High,OFF-PA-10001950,Southworth 25% Cotton Antique Laid Paper & Envelopes,26.271,7,58,Corporate,6/2/2012,First Class,7.79,California,Paper,22,2,North America - US - West,May,2,2012,Low Sales,North America - US|United States|North America - US - West|California|San Jose
Office Supplies,San Jose,United States,SP-206504,Stephanie Phelps,North America - US,5/31/2012,CA-2012-124919,High,OFF-PA-10002254,Xerox 1883,48.5392,4,106,Corporate,6/2/2012,First Class,17.87,California,Paper,22,2,North America - US - West,May,2,2012,Medium Sales,North America - US|United States|North America - US - West|California|San Jose
Office Supplies,Moreno Valley,United States,NM-185204,Neoma Murray,North America - US,9/8/2012,CA-2012-162166,Medium,OFF-PA-10002606,Xerox 1928,11.88,5,26,Consumer,9/11/2012,First Class,3.14,California,Paper,36,3,North America - US - West,September,3,2012,Low Sales,North America - US|United States|North America - US - West|California|Moreno Valley
Office Supplies,Anaheim,United States,KD-166154,Ken Dana,North America - US,9/13/2012,US-2012-129007,Critical,OFF-PA-10000994,Xerox 1915,100.656,2,210,Corporate,9/15/2012,First Class,59.71,California,Paper,37,2,North America - US - West,September,3,2012,Medium Sales,North America - US|United States|North America - US - West|California|Anaheim
Office Supplies,Long Beach,United States,TG-216404,Trudy Glocke,North America - US,9/18/2012,CA-2012-149713,High,OFF-PA-10004530,Personal Creations Ink Jet Cards and Labels,78.7528,14,161,Consumer,9/22/2012,Second Class,13.76,California,Paper,38,4,North America - US - West,September,3,2012,Medium Sales,North America - US|United States|North America - US - West|California|Long Beach
Office Supplies,Long Beach,United States,TG-216404,Trudy Glocke,North America - US,9/18/2012,CA-2012-149713,High,OFF-PA-10001450,Rediform S.O.S. Phone Message Books,9.7608,4,20,Consumer,9/22/2012,Second Class,2.98,California,Paper,38,4,North America - US - West,September,3,2012,Low Sales,North America - US|United States|North America - US - West|California|Long Beach
Office Supplies,Redlands,United States,SG-200804,Sandra Glassco,North America - US,10/31/2012,CA-2012-164882,Critical,OFF-PA-10000157,Xerox 191,9.3906,1,20,Consumer,10/31/2012,Same Day,4.49,California,Paper,44,0,North America - US - West,October,4,2012,Low Sales,North America - US|United States|North America - US - West|California|Redlands
Office Supplies,San Bernardino,United States,KH-165104,Keith Herrera,North America - US,11/13/2012,CA-2012-104948,Medium,OFF-PA-10004610,Xerox 1900,13.482,7,30,Consumer,11/17/2012,Standard Class,2.37,California,Paper,46,4,North America - US - West,November,4,2012,Low Sales,North America - US|United States|North America - US - West|California|San Bernardino
Office Supplies,Santa Barbara,United States,DB-131204,David Bremer,North America - US,12/6/2012,CA-2012-136700,Medium,OFF-PA-10004519,Spiral Phone Message Books with Labels by Adams,4.3904,2,9,Corporate,12/11/2012,Second Class,0.72,California,Paper,49,5,North America - US - West,December,4,2012,Low Sales,North America - US|United States|North America - US - West|California|Santa Barbara
Office Supplies,Thousand Oaks,United States,KM-163754,Katherine Murray,North America - US,12/6/2012,CA-2012-148628,Medium,OFF-PA-10003883,"Message Book, Phone, Wirebound Standard Line Memo, 2 3/4"" X 5""",15.065,5,33,Home Office,12/11/2012,Standard Class,1.55,California,Paper,49,5,North America - US - West,December,4,2012,Low Sales,North America - US|United States|North America - US - West|California|Thousand Oaks
Office Supplies,Riverside,United States,KH-166904,Kristen Hastings,North America - US,12/7/2012,US-2012-120957,Medium,OFF-PA-10003953,Xerox 218,6.2208,2,13,Corporate,12/7/2012,Same Day,0.2,California,Paper,49,0,North America - US - West,December,4,2012,Low Sales,North America - US|United States|North America - US - West|California|Riverside
Office Supplies,Chico,United States,XP-218654,Xylona Preis,North America - US,12/12/2012,CA-2012-155586,Medium,OFF-PA-10000726,"Black Print Carbonless Snap-Off Rapid Letter, 8 1/2"" x 7""",16.398,4,36,Consumer,12/16/2012,Second Class,4.67,California,Paper,50,4,North America - US - West,December,4,2012,Low Sales,North America - US|United States|North America - US - West|California|Chico
Office Supplies,Riverside,United States,RP-192704,Rachel Payne,North America - US,12/13/2012,CA-2012-148250,High,OFF-PA-10000289,Xerox 213,6.2208,2,13,Corporate,12/17/2012,Standard Class,0.1,California,Paper,50,4,North America - US - West,December,4,2012,Low Sales,North America - US|United States|North America - US - West|California|Riverside
Office Supplies,Bakersfield,United States,FM-142154,Filia McAdams,North America - US,4/11/2013,CA-2013-124814,Medium,OFF-PA-10002787,Xerox 227,6.2208,2,13,Corporate,4/17/2013,Standard Class,0.97,California,Paper,15,6,North America - US - West,April,2,2013,Low Sales,North America - US|United States|North America - US - West|California|Bakersfield
Office Supplies,Santa Ana,United States,SV-207854,Stewart Visinsky,North America - US,5/27/2013,CA-2013-148852,Medium,OFF-PA-10001293,Xerox 1946,21.7728,7,45,Consumer,6/1/2013,Standard Class,1.44,California,Paper,22,5,North America - US - West,May,2,2013,Low Sales,North America - US|United States|North America - US - West|California|Santa Ana
Office Supplies,Bakersfield,United States,FM-142904,Frank Merwin,North America - US,6/8/2013,CA-2013-103163,Medium,OFF-PA-10004000,"While You Were Out Pads, 50 per Pad, 4 x 5 1/4, Green Cycle",2.3177,1,5,Home Office,6/12/2013,Standard Class,0.28,California,Paper,23,4,North America - US - West,June,2,2013,Low Sales,North America - US|United States|North America - US - West|California|Bakersfield
Office Supplies,Pasadena,United States,EA-140354,Erin Ashbrook,North America - US,6/13/2013,CA-2013-104633,High,OFF-PA-10000241,"IBM Multi-Purpose Copy Paper, 8 1/2 x 11"", Case",83.646,6,186,Corporate,6/17/2013,Standard Class,25.81,California,Paper,24,4,North America - US - West,June,2,2013,Medium Sales,North America - US|United States|North America - US - West|California|Pasadena
Office Supplies,Pasadena,United States,EA-140354,Erin Ashbrook,North America - US,6/13/2013,CA-2013-104633,High,OFF-PA-10004782,Xerox 228,6.2208,2,13,Corporate,6/17/2013,Standard Class,1.32,California,Paper,24,4,North America - US - West,June,2,2013,Low Sales,North America - US|United States|North America - US - West|California|Pasadena
Office Supplies,Pasadena,United States,RC-198254,Roy Collins,North America - US,6/21/2013,CA-2013-141397,Critical,OFF-PA-10002986,Xerox 1898,22.4448,7,47,Consumer,6/22/2013,First Class,14.08,California,Paper,25,1,North America - US - West,June,2,2013,Low Sales,North America - US|United States|North America - US - West|California|Pasadena
Office Supplies,Salinas,United States,DP-131054,Dave Poirier,North America - US,6/21/2013,CA-2013-152534,Medium,OFF-PA-10001870,Xerox 202,18.6624,6,39,Corporate,6/26/2013,Second Class,3.01,California,Paper,25,5,North America - US - West,June,2,2013,Low Sales,North America - US|United States|North America - US - West|California|Salinas
Office Supplies,Davis,United States,JP-155204,Jeremy Pistek,North America - US,8/17/2013,CA-2013-113117,Medium,OFF-PA-10000019,Xerox 1931,15.552,5,32,Consumer,8/23/2013,Standard Class,1.74,California,Paper,33,6,North America - US - West,August,3,2013,Low Sales,North America - US|United States|North America - US - West|California|Davis
Office Supplies,San Jose,United States,RF-197354,Roland Fjeld,North America - US,8/27/2013,CA-2013-105585,High,OFF-PA-10003625,Xerox 1979,69.705,5,155,Consumer,8/28/2013,First Class,7.43,California,Paper,35,1,North America - US - West,August,3,2013,Medium Sales,North America - US|United States|North America - US - West|California|San Jose
Office Supplies,Redondo Beach,United States,JH-159854,Joseph Holt,North America - US,9/6/2013,CA-2013-151372,Critical,OFF-PA-10004381,14-7/8 x 11 Blue Bar Computer Printout Paper,46.1184,2,96,Consumer,9/7/2013,First Class,8.56,California,Paper,36,1,North America - US - West,September,3,2013,Low Sales,North America - US|United States|North America - US - West|California|Redondo Beach
Office Supplies,Visalia,United States,LP-170954,Liz Preis,North America - US,9/9/2013,CA-2013-103709,Medium,OFF-PA-10004610,Xerox 1900,15.408,8,34,Consumer,9/16/2013,Standard Class,1.94,California,Paper,37,7,North America - US - West,September,3,2013,Low Sales,North America - US|United States|North America - US - West|California|Visalia
Office Supplies,Laguna Niguel,United States,BC-111254,Becky Castell,North America - US,9/17/2013,US-2013-134369,Low,OFF-PA-10002195,Xerox 1966,6.3504,2,13,Home Office,9/23/2013,Standard Class,1.7,California,Paper,38,6,North America - US - West,September,3,2013,Low Sales,North America - US|United States|North America - US - West|California|Laguna Niguel
Office Supplies,Stockton,United States,SW-202454,Scot Wooten,North America - US,9/20/2013,CA-2013-130267,Medium,OFF-PA-10002222,"Xerox Color Copier Paper, 11"" x 17"", Ream",73.5448,7,160,Consumer,9/24/2013,Standard Class,11.16,California,Paper,38,4,North America - US - West,September,3,2013,Medium Sales,North America - US|United States|North America - US - West|California|Stockton
Office Supplies,Long Beach,United States,DL-128654,Dan Lawera,North America - US,9/26/2013,US-2013-125402,Medium,OFF-PA-10000141,"Ampad Evidence Wirebond Steno Books, 6"" x 9""",5.123,5,11,Consumer,10/2/2013,Standard Class,0.77,California,Paper,39,6,North America - US - West,September,3,2013,Low Sales,North America - US|United States|North America - US - West|California|Long Beach
Office Supplies,Redlands,United States,CM-124454,Chuck Magee,North America - US,9/27/2013,CA-2013-145898,Medium,OFF-PA-10001667,Great White Multi-Use Recycled Paper (20Lb. and 84 Bright),13.455,5,30,Consumer,9/27/2013,Same Day,5.84,California,Paper,39,0,North America - US - West,September,3,2013,Low Sales,North America - US|United States|North America - US - West|California|Redlands
Office Supplies,Lake Forest,United States,DB-129104,Daniel Byrd,North America - US,10/4/2013,CA-2013-101672,Medium,OFF-PA-10001878,Xerox 1891,45.9754,2,98,Home Office,10/8/2013,Standard Class,6.84,California,Paper,40,4,North America - US - West,October,4,2013,Low Sales,North America - US|United States|North America - US - West|California|Lake Forest
Office Supplies,Lake Forest,United States,DB-129104,Daniel Byrd,North America - US,10/4/2013,CA-2013-101672,Medium,OFF-PA-10004610,Xerox 1900,3.852,2,9,Home Office,10/8/2013,Standard Class,0.84,California,Paper,40,4,North America - US - West,October,4,2013,Low Sales,North America - US|United States|North America - US - West|California|Lake Forest
Office Supplies,Roseville,United States,LC-168854,Lena Creighton,North America - US,10/14/2013,CA-2013-145583,Medium,OFF-PA-10001736,Xerox 1880,16.6568,1,35,Consumer,10/20/2013,Standard Class,1.99,California,Paper,42,6,North America - US - West,October,4,2013,Low Sales,North America - US|United States|North America - US - West|California|Roseville
Office Supplies,Roseville,United States,LC-168854,Lena Creighton,North America - US,10/14/2013,CA-2013-145583,Medium,OFF-PA-10001804,Xerox 195,9.6192,3,20,Consumer,10/20/2013,Standard Class,1.34,California,Paper,42,6,North America - US - West,October,4,2013,Low Sales,North America - US|United States|North America - US - West|California|Roseville
Office Supplies,Riverside,United States,NM-185204,Neoma Murray,North America - US,10/22/2013,CA-2013-112340,Medium,OFF-PA-10001892,"Rediform Wirebound ""Phone Memo"" Message Book, 11 x 5-3/4",11.2308,3,23,Consumer,10/28/2013,Standard Class,1.34,California,Paper,43,6,North America - US - West,October,4,2013,Low Sales,North America - US|United States|North America - US - West|California|Riverside
Office Supplies,Oceanside,United States,PS-190454,Penelope Sewall,North America - US,11/8/2013,CA-2013-164896,Medium,OFF-PA-10002246,"Wirebound Four 2-3/4 x 5 Forms per Page, 400 Sets per Book",6.321,2,13,Home Office,11/13/2013,Standard Class,0.8,California,Paper,45,5,North America - US - West,November,4,2013,Low Sales,North America - US|United States|North America - US - West|California|Oceanside
Office Supplies,Oxnard,United States,LB-167954,Laurel Beltran,North America - US,12/2/2013,US-2013-155768,High,OFF-PA-10001357,Xerox 1886,22.992,1,48,Home Office,12/2/2013,Same Day,3.66,California,Paper,49,0,North America - US - West,December,4,2013,Low Sales,North America - US|United States|North America - US - West|California|Oxnard
Office Supplies,Antioch,United States,GG-146504,Greg Guthrie,North America - US,12/7/2013,US-2013-114776,Medium,OFF-PA-10004100,Xerox 216,9.3312,3,19,Corporate,12/8/2013,First Class,3.64,California,Paper,49,1,North America - US - West,December,4,2013,Low Sales,North America - US|United States|North America - US - West|California|Antioch
Office Supplies,Long Beach,United States,SJ-201254,Sanjit Jacobs,North America - US,12/11/2013,CA-2013-147123,High,OFF-PA-10000575,"Wirebound Message Books, Four 2 3/4 x 5 White Forms per Page",36.9288,12,80,Home Office,12/13/2013,First Class,8.9,California,Paper,50,2,North America - US - West,December,4,2013,Low Sales,North America - US|United States|North America - US - West|California|Long Beach
Office Supplies,Anaheim,United States,WB-218504,William Brown,North America - US,12/12/2013,CA-2013-165330,Critical,OFF-PA-10000241,"IBM Multi-Purpose Copy Paper, 8 1/2 x 11"", Case",13.941,1,31,Consumer,12/12/2013,Same Day,8.18,California,Paper,50,0,North America - US - West,December,4,2013,Low Sales,North America - US|United States|North America - US - West|California|Anaheim
Office Supplies,Rancho Cucamonga,United States,DL-133154,Delfina Latchford,North America - US,1/4/2014,US-2014-114034,Medium,OFF-PA-10004735,Xerox 1905,18.6624,6,39,Consumer,1/9/2014,Standard Class,2.92,California,Paper,1,5,North America - US - West,January,1,2014,Low Sales,North America - US|United States|North America - US - West|California|Rancho Cucamonga
Office Supplies,Costa Mesa,United States,DB-130604,Dave Brooks,North America - US,2/27/2014,CA-2014-121258,Medium,OFF-PA-10004041,"It's Hot Message Books with Stickers, 2 3/4"" x 5""",13.32,4,30,Consumer,3/4/2014,Standard Class,1.19,California,Paper,9,5,North America - US - West,February,1,2014,Low Sales,North America - US|United States|North America - US - West|California|Costa Mesa
Office Supplies,Manteca,United States,KF-162854,Karen Ferguson,North America - US,3/14/2014,CA-2014-166296,Low,OFF-PA-10004359,Multicolor Computer Printout Paper,150.984,3,315,Home Office,3/20/2014,Standard Class,32.13,California,Paper,11,6,North America - US - West,March,1,2014,Medium Sales,North America - US|United States|North America - US - West|California|Manteca
Office Supplies,Fresno,United States,BD-115604,Brendan Dodson,North America - US,3/28/2014,CA-2014-124716,High,OFF-PA-10000859,Unpadded Memo Slips,5.97,3,12,Home Office,4/1/2014,Standard Class,0.41,California,Paper,13,4,North America - US - West,March,1,2014,Low Sales,North America - US|United States|North America - US - West|California|Fresno
Office Supplies,Fresno,United States,BD-115604,Brendan Dodson,North America - US,3/28/2014,CA-2014-124716,High,OFF-PA-10001144,Xerox 1913,53.2608,2,111,Home Office,4/1/2014,Standard Class,13.75,California,Paper,13,4,North America - US - West,March,1,2014,Medium Sales,North America - US|United States|North America - US - West|California|Fresno
Office Supplies,Fresno,United States,BD-115604,Brendan Dodson,North America - US,3/28/2014,CA-2014-124716,High,OFF-PA-10000740,Xerox 1982,21.0128,2,46,Home Office,4/1/2014,Standard Class,6.77,California,Paper,13,4,North America - US - West,March,1,2014,Low Sales,North America - US|United States|North America - US - West|California|Fresno
Office Supplies,Fairfield,United States,DH-130754,Dave Hallsten,North America - US,3/29/2014,US-2014-147886,High,OFF-PA-10003651,Xerox 1968,12.8256,4,27,Corporate,4/1/2014,First Class,0.67,California,Paper,13,3,North America - US - West,March,1,2014,Low Sales,North America - US|United States|North America - US - West|California|Fairfield
Office Supplies,Fairfield,United States,DH-130754,Dave Hallsten,North America - US,3/29/2014,US-2014-147886,High,OFF-PA-10000232,Xerox 1975,6.3504,2,13,Corporate,4/1/2014,First Class,1.84,California,Paper,13,3,North America - US - West,March,1,2014,Low Sales,North America - US|United States|North America - US - West|California|Fairfield
Office Supplies,Fairfield,United States,DH-130754,Dave Hallsten,North America - US,3/29/2014,US-2014-147886,High,OFF-PA-10000743,Xerox 1977,9.6192,3,20,Corporate,4/1/2014,First Class,5.39,California,Paper,13,3,North America - US - West,March,1,2014,Low Sales,North America - US|United States|North America - US - West|California|Fairfield
Office Supplies,Oceanside,United States,CD-119204,Carlos Daly,North America - US,5/27/2014,CA-2014-107853,Medium,OFF-PA-10000520,Xerox 201,6.2208,2,13,Consumer,6/1/2014,Standard Class,0.98,California,Paper,22,5,North America - US - West,May,2,2014,Low Sales,North America - US|United States|North America - US - West|California|Oceanside
Office Supplies,Apple Valley,United States,AJ-107954,Anthony Johnson,North America - US,7/18/2014,CA-2014-142342,High,OFF-PA-10004609,Xerox 221,15.552,5,32,Corporate,7/20/2014,Second Class,5.08,California,Paper,29,2,North America - US - West,July,3,2014,Low Sales,North America - US|United States|North America - US - West|California|Apple Valley
Office Supplies,Westminster,United States,JL-155054,Jeremy Lonsdale,North America - US,8/8/2014,CA-2014-156776,High,OFF-PA-10001970,Xerox 1881,11.5432,2,25,Consumer,8/12/2014,Standard Class,2.01,California,Paper,32,4,North America - US - West,August,3,2014,Low Sales,North America - US|United States|North America - US - West|California|Westminster
Office Supplies,San Jose,United States,MC-175754,Matt Collins,North America - US,8/8/2014,CA-2014-115175,Medium,OFF-PA-10001878,Xerox 1891,114.9385,5,245,Consumer,8/13/2014,Standard Class,18.12,California,Paper,32,5,North America - US - West,August,3,2014,Medium Sales,North America - US|United States|North America - US - West|California|San Jose
Office Supplies,Brentwood,United States,RW-195404,Rick Wilson,North America - US,8/18/2014,CA-2014-166093,Medium,OFF-PA-10003893,Xerox 1962,3.852,2,9,Corporate,8/25/2014,Standard Class,1.11,California,Paper,34,7,North America - US - West,August,3,2014,Low Sales,North America - US|United States|North America - US - West|California|Brentwood
Office Supplies,Inglewood,United States,DR-128804,Dan Reichenbach,North America - US,8/28/2014,CA-2014-161956,Medium,OFF-PA-10001289,White Computer Printout Paper by Universal,56.9772,3,116,Corporate,8/30/2014,Second Class,2.78,California,Paper,35,2,North America - US - West,August,3,2014,Medium Sales,North America - US|United States|North America - US - West|California|Inglewood
Office Supplies,Apple Valley,United States,KB-164054,Katrina Bavinger,North America - US,9/5/2014,CA-2014-101182,Medium,OFF-PA-10001800,Xerox 220,6.2208,2,13,Home Office,9/6/2014,First Class,1.72,California,Paper,36,1,North America - US - West,September,3,2014,Low Sales,North America - US|United States|North America - US - West|California|Apple Valley
Office Supplies,Long Beach,United States,KF-162854,Karen Ferguson,North America - US,9/12/2014,CA-2014-149559,Critical,OFF-PA-10003172,Xerox 1996,6.2208,2,13,Home Office,9/13/2014,Same Day,0.2,California,Paper,37,1,North America - US - West,September,3,2014,Low Sales,North America - US|United States|North America - US - West|California|Long Beach
Office Supplies,Santa Ana,United States,KH-166304,Ken Heidel,North America - US,9/12/2014,CA-2014-166898,High,OFF-PA-10002262,Xerox 192,9.3312,3,19,Corporate,9/14/2014,Second Class,1.81,California,Paper,37,2,North America - US - West,September,3,2014,Low Sales,North America - US|United States|North America - US - West|California|Santa Ana
Office Supplies,Inglewood,United States,BB-109904,Barry Blumstein,North America - US,9/17/2014,CA-2014-118136,High,OFF-PA-10002615,"Ampad Gold Fibre Wirebound Steno Books, 6"" x 9"", Gregg Ruled",4.0572,2,9,Corporate,9/18/2014,First Class,0.27,California,Paper,38,1,North America - US - West,September,3,2014,Low Sales,North America - US|United States|North America - US - West|California|Inglewood
Office Supplies,Santa Clara,United States,DB-131204,David Bremer,North America - US,11/13/2014,CA-2014-160514,Medium,OFF-PA-10002479,Xerox 4200 Series MultiUse Premium Copy Paper (20Lb. and 84 Bright),4.752,2,11,Corporate,11/17/2014,Standard Class,1.06,California,Paper,46,4,North America - US - West,November,4,2014,Low Sales,North America - US|United States|North America - US - West|California|Santa Clara
Office Supplies,Laguna Niguel,United States,EB-137504,Edward Becker,North America - US,11/26/2014,CA-2014-161459,Medium,OFF-PA-10002377,"Adams Telephone Message Book W/Dividers/Space For Phone Numbers, 5 1/4""X8 1/2"", 200/Messages",15.336,6,34,Corporate,11/30/2014,Second Class,2.62,California,Paper,48,4,North America - US - West,November,4,2014,Low Sales,North America - US|United States|North America - US - West|California|Laguna Niguel
Office Supplies,Inglewood,United States,LF-171854,Luke Foster,North America - US,12/9/2014,CA-2014-148264,Critical,OFF-PA-10003651,Xerox 1968,28.8576,9,60,Consumer,12/10/2014,First Class,17.69,California,Paper,50,1,North America - US - West,December,4,2014,Low Sales,North America - US|United States|North America - US - West|California|Inglewood
Office Supplies,Stockton,United States,AG-103304,Alex Grayson,North America - US,12/11/2014,CA-2014-107748,Medium,OFF-PA-10002005,Xerox 225,6.2208,2,13,Consumer,12/13/2014,Second Class,0.65,California,Paper,50,2,North America - US - West,December,4,2014,Low Sales,North America - US|United States|North America - US - West|California|Stockton
Office Supplies,Inglewood,United States,KM-166604,Khloe Miller,North America - US,12/16/2014,CA-2014-154116,High,OFF-PA-10004569,"Wirebound Message Books, Two 4 1/4"" x 5"" Forms per Page",10.7301,3,23,Consumer,12/20/2014,Standard Class,1.83,California,Paper,51,4,North America - US - West,December,4,2014,Low Sales,North America - US|United States|North America - US - West|California|Inglewood
Office Supplies,Troy,United States,AH-100304,Aaron Hawkins,North America - US,4/22/2011,CA-2011-122070,Critical,OFF-EN-10004773,Staples,121.4416,8,248,Corporate,4/24/2011,Second Class,55.2,New York,Envelopes,17,2,North America - US - East,April,2,2011,Medium Sales,North America - US|United States|North America - US - East|New York|Troy
Office Supplies,Watertown,United States,BG-116954,Brooke Gillingham,North America - US,5/11/2011,CA-2011-127523,Medium,OFF-AP-10004249,Staples,9.6957,3,36,Corporate,5/18/2011,Standard Class,3.35,New York,Appliances,20,7,North America - US - East,May,2,2011,Low Sales,North America - US|United States|North America - US - East|New York|Watertown
Office Supplies,Long Beach,United States,GT-146354,Grant Thornton,North America - US,6/6/2011,CA-2011-159520,Medium,OFF-SU-10001664,Acme Office Executive Series Stainless Steel Trimmers,4.4564,2,17,Corporate,6/11/2011,Standard Class,1.39,New York,Supplies,24,5,North America - US - East,June,2,2011,Low Sales,North America - US|United States|North America - US - East|New York|Long Beach
Office Supplies,Long Beach,United States,SP-206204,Stefania Perrino,North America - US,9/8/2011,CA-2011-123127,High,OFF-AP-10001962,Black & Decker Filter for Double Action Dustbuster Cordless Vac BLDV7210,4.195,2,17,Corporate,9/12/2011,Standard Class,1.55,New York,Appliances,37,4,North America - US - East,September,3,2011,Low Sales,North America - US|United States|North America - US - East|New York|Long Beach
Office Supplies,New Rochelle,United States,KN-167054,Kristina Nunn,North America - US,11/11/2011,US-2011-143287,Low,OFF-PA-10001776,"Wirebound Message Books, Four 2 3/4"" x 5"" Forms per Page, 600 Sets per Book",21.7845,5,46,Home Office,11/17/2011,Standard Class,3.98,New York,Paper,46,6,North America - US - East,November,4,2011,Low Sales,North America - US|United States|North America - US - East|New York|New Rochelle
Office Supplies,New Rochelle,United States,KN-167054,Kristina Nunn,North America - US,11/11/2011,US-2011-143287,Low,OFF-PA-10004039,Xerox 1882,109.7208,4,224,Home Office,11/17/2011,Standard Class,29.05,New York,Paper,46,6,North America - US - East,November,4,2011,Medium Sales,North America - US|United States|North America - US - East|New York|New Rochelle
Office Supplies,New Rochelle,United States,KN-167054,Kristina Nunn,North America - US,11/11/2011,US-2011-143287,Low,OFF-SU-10001574,Acme Value Line Scissors,2.19,2,7,Home Office,11/17/2011,Standard Class,0.64,New York,Supplies,46,6,North America - US - East,November,4,2011,Low Sales,North America - US|United States|North America - US - East|New York|New Rochelle
Office Supplies,Long Beach,United States,AR-108254,Anthony Rawles,North America - US,3/8/2012,CA-2012-160213,Medium,OFF-PA-10003848,Xerox 1997,9.3312,3,19,Corporate,3/13/2012,Standard Class,1.52,New York,Paper,10,5,North America - US - East,March,1,2012,Low Sales,North America - US|United States|North America - US - East|New York|Long Beach
Office Supplies,Rochester,United States,EH-141254,Eugene Hildebrand,North America - US,4/10/2012,CA-2012-134201,Medium,OFF-AR-10002804,Faber Castell Col-Erase Pencils,6.0147,3,15,Home Office,4/16/2012,Standard Class,0.57,New York,Art,15,6,North America - US - East,April,2,2012,Low Sales,North America - US|United States|North America - US - East|New York|Rochester
Office Supplies,Rochester,United States,EH-141254,Eugene Hildebrand,North America - US,4/10/2012,CA-2012-134201,Medium,OFF-ST-10001476,Steel Personal Filing/Posting Tote,38.3508,4,142,Home Office,4/16/2012,Standard Class,7.23,New York,Storage,15,6,North America - US - East,April,2,2012,Medium Sales,North America - US|United States|North America - US - East|New York|Rochester
Office Supplies,Long Beach,United States,CW-119054,Carl Weiss,North America - US,5/31/2012,CA-2012-156153,High,OFF-FA-10003472,Bagged Rubber Bands,0.3024,6,8,Home Office,6/2/2012,Second Class,0.8,New York,Fasteners,22,2,North America - US - East,May,2,2012,Low Sales,North America - US|United States|North America - US - East|New York|Long Beach
Office Supplies,Long Beach,United States,TC-209804,Tamara Chand,North America - US,9/20/2012,CA-2012-156013,Medium,OFF-PA-10001970,Xerox 1881,28.858,5,61,Corporate,9/26/2012,Standard Class,2.74,New York,Paper,38,6,North America - US - East,September,3,2012,Low Sales,North America - US|United States|North America - US - East|New York|Long Beach
Office Supplies,Lindenhurst,United States,MH-177854,Maya Herman,North America - US,12/20/2012,CA-2012-154144,High,OFF-PA-10004071,"Eaton Premium Continuous-Feed Paper, 25% Cotton, Letter Size, White, 1000 Shts/Box",26.6304,1,55,Corporate,12/24/2012,Standard Class,5.59,New York,Paper,51,4,North America - US - East,December,4,2012,Low Sales,North America - US|United States|North America - US - East|New York|Lindenhurst
Office Supplies,Rochester,United States,DB-131204,David Bremer,North America - US,12/24/2012,CA-2012-124653,High,OFF-LA-10002271,Smead Alpha-Z Color-Coded Second Alphabetical Labels and Starter Set,10.3488,7,22,Corporate,12/26/2012,First Class,4,New York,Labels,52,2,North America - US - East,December,4,2012,Low Sales,North America - US|United States|North America - US - East|New York|Rochester
Office Supplies,Rochester,United States,DB-131204,David Bremer,North America - US,12/24/2012,CA-2012-124653,High,OFF-PA-10000176,Xerox 1887,63.7392,7,133,Corporate,12/26/2012,First Class,37.87,New York,Paper,52,2,North America - US - East,December,4,2012,Medium Sales,North America - US|United States|North America - US - East|New York|Rochester
Office Supplies,Rochester,United States,DB-131204,David Bremer,North America - US,12/24/2012,CA-2012-124653,High,OFF-PA-10002365,Xerox 1967,6.2208,2,13,Corporate,12/26/2012,First Class,2.71,New York,Paper,52,2,North America - US - East,December,4,2012,Low Sales,North America - US|United States|North America - US - East|New York|Rochester
Office Supplies,Long Beach,United States,CK-127604,Cyma Kinney,North America - US,2/19/2013,CA-2013-101630,High,OFF-LA-10004425,Staples,4.0749,3,9,Corporate,2/23/2013,Second Class,0.8,New York,Labels,8,4,North America - US - East,February,1,2013,Low Sales,North America - US|United States|North America - US - East|New York|Long Beach
Office Supplies,Long Beach,United States,CK-127604,Cyma Kinney,North America - US,2/19/2013,CA-2013-101630,High,OFF-SU-10001664,Acme Office Executive Series Stainless Steel Trimmers,6.6846,3,26,Corporate,2/23/2013,Second Class,3.11,New York,Supplies,8,4,North America - US - East,February,1,2013,Low Sales,North America - US|United States|North America - US - East|New York|Long Beach
Office Supplies,Oceanside,United States,BV-112454,Benjamin Venier,North America - US,2/21/2013,US-2013-168410,Medium,OFF-ST-10000036,"Recycled Data-Pak for Archival Bound Computer Printouts, 12-1/2 x 12-1/2 x 16",80.0199,3,296,Corporate,2/26/2013,Standard Class,11.98,New York,Storage,8,5,North America - US - East,February,1,2013,Medium Sales,North America - US|United States|North America - US - East|New York|Oceanside
Office Supplies,Troy,United States,BC-111254,Becky Castell,North America - US,4/5/2013,CA-2013-123050,Medium,OFF-ST-10003455,"Tenex File Box, Personal Filing Tote with Lid, Black",8.0652,2,31,Home Office,4/9/2013,Second Class,2.88,New York,Storage,14,4,North America - US - East,April,2,2013,Low Sales,North America - US|United States|North America - US - East|New York|Troy
Office Supplies,Niagara Falls,United States,NP-186854,Nora Pelletier,North America - US,11/20/2013,CA-2013-113138,Medium,OFF-AR-10003770,Newell 340,5.0112,6,17,Home Office,11/26/2013,Standard Class,1.05,New York,Art,47,6,North America - US - East,November,4,2013,Low Sales,North America - US|United States|North America - US - East|New York|Niagara Falls
Office Supplies,Mount Vernon,United States,RS-197654,Roland Schwarz,North America - US,5/20/2014,US-2014-100048,Medium,OFF-AP-10001154,Bionaire Personal Warm Mist Humidifier/Vaporizer,109.7226,6,281,Corporate,5/25/2014,Standard Class,28.97,New York,Appliances,21,5,North America - US - East,May,2,2014,Medium Sales,North America - US|United States|North America - US - East|New York|Mount Vernon
Office Supplies,Auburn,United States,JG-158054,John Grady,North America - US,5/22/2014,CA-2014-167899,Medium,OFF-AR-10001988,Bulldog Table or Wall-Mount Pencil Sharpener,5.2113,3,18,Corporate,5/27/2014,Standard Class,0.63,New York,Art,21,5,North America - US - East,May,2,2014,Low Sales,North America - US|United States|North America - US - East|New York|Auburn
Office Supplies,Mount Vernon,United States,ND-184604,Neil Ducich,North America - US,7/1/2014,CA-2014-164112,Medium,OFF-ST-10002615,"Dual Level, Single-Width Filing Carts",282.2092,7,1085,Corporate,7/5/2014,Standard Class,86.51,New York,Storage,27,4,North America - US - East,July,3,2014,High Sales,North America - US|United States|North America - US - East|New York|Mount Vernon
Office Supplies,Rome,United States,BE-113354,Bill Eplett,North America - US,7/18/2014,US-2014-105046,Medium,OFF-PA-10004353,Southworth 25% Cotton Premium Laser Paper and Envelopes,47.952,5,100,Home Office,7/24/2014,Standard Class,10.51,New York,Paper,29,6,North America - US - East,July,3,2014,Medium Sales,North America - US|United States|North America - US - East|New York|Rome
Office Supplies,Long Beach,United States,LR-170354,Lisa Ryan,North America - US,7/24/2014,CA-2014-103506,High,OFF-LA-10001158,"Avery Address/Shipping Labels for Typewriters, 4"" x 2""",19.872,4,41,Corporate,7/28/2014,Standard Class,3.6,New York,Labels,30,4,North America - US - East,July,3,2014,Low Sales,North America - US|United States|North America - US - East|New York|Long Beach
Office Supplies,Hempstead,United States,FH-143654,Fred Hopkins,North America - US,9/30/2014,CA-2014-126676,Critical,OFF-EN-10004846,Letter or Legal Size Expandable Poly String Tie Envelopes,3.9102,3,8,Corporate,10/2/2014,First Class,1.44,New York,Envelopes,40,2,North America - US - East,September,3,2014,Low Sales,North America - US|United States|North America - US - East|New York|Hempstead
Office Supplies,Rochester,United States,JC-161054,Julie Creighton,North America - US,10/24/2014,CA-2014-139913,Low,OFF-PA-10003739,Xerox 1969,5.6644,2,12,Corporate,10/30/2014,Standard Class,1.51,New York,Paper,43,6,North America - US - East,October,4,2014,Low Sales,North America - US|United States|North America - US - East|New York|Rochester
Office Supplies,Rochester,United States,JC-161054,Julie Creighton,North America - US,10/24/2014,CA-2014-139913,Low,OFF-PA-10002479,Xerox 4200 Series MultiUse Premium Copy Paper (20Lb. and 84 Bright),11.88,5,26,Corporate,10/30/2014,Standard Class,3.76,New York,Paper,43,6,North America - US - East,October,4,2014,Low Sales,North America - US|United States|North America - US - East|New York|Rochester
Office Supplies,Auburn,United States,GB-145304,George Bell,North America - US,10/30/2014,CA-2014-160983,High,OFF-PA-10002250,Things To Do Today Pad,22.5408,8,47,Corporate,11/1/2014,Second Class,3.71,New York,Paper,44,2,North America - US - East,October,4,2014,Low Sales,North America - US|United States|North America - US - East|New York|Auburn
Office Supplies,Watertown,United States,PW-190304,Pauline Webber,North America - US,11/15/2014,CA-2014-137323,High,OFF-ST-10003996,"Letter/Legal File Tote with Clear Snap-On Lid, Black Granite",25.0536,6,96,Corporate,11/19/2014,Second Class,10.1,New York,Storage,46,4,North America - US - East,November,4,2014,Low Sales,North America - US|United States|North America - US - East|New York|Watertown
Office Supplies,Rochester,United States,DK-132254,Dean Katz,North America - US,12/21/2014,CA-2014-105480,Medium,OFF-PA-10002787,Xerox 227,3.1104,1,6,Corporate,12/27/2014,Standard Class,0.32,New York,Paper,52,6,North America - US - East,December,4,2014,Low Sales,North America - US|United States|North America - US - East|New York|Rochester
Office Supplies,Yonkers,United States,AB-101504,Aimee Bixby,North America - US,3/5/2011,CA-2011-169061,Medium,OFF-AR-10000588,Newell 345,15.4752,3,60,Consumer,3/8/2011,Second Class,8.02,New York,Art,10,3,North America - US - East,March,1,2011,Low Sales,North America - US|United States|North America - US - East|New York|Yonkers
Office Supplies,Yonkers,United States,AB-101504,Aimee Bixby,North America - US,3/5/2011,CA-2011-169061,Medium,OFF-PA-10001878,Xerox 1891,45.9754,2,98,Consumer,3/8/2011,Second Class,10.13,New York,Paper,10,3,North America - US - East,March,1,2011,Low Sales,North America - US|United States|North America - US - East|New York|Yonkers
Office Supplies,Yonkers,United States,AB-101504,Aimee Bixby,North America - US,3/5/2011,CA-2011-169061,Medium,OFF-SU-10000381,Acme Forged Steel Scissors with Black Enamel Handles,5.3998,2,19,Consumer,3/8/2011,Second Class,1.91,New York,Supplies,10,3,North America - US - East,March,1,2011,Low Sales,North America - US|United States|North America - US - East|New York|Yonkers
Office Supplies,Long Beach,United States,KM-167204,Kunst Miller,North America - US,3/30/2011,CA-2011-169033,Medium,OFF-AR-10001915,Peel-Off China Markers,20.853,5,50,Consumer,4/3/2011,Standard Class,1.58,New York,Art,14,4,North America - US - East,March,1,2011,Low Sales,North America - US|United States|North America - US - East|New York|Long Beach
Office Supplies,Rochester,United States,BM-117854,Bryan Mills,North America - US,6/6/2011,CA-2011-133270,High,OFF-AR-10002656,Sanford Liquid Accent Highlighters,4.9432,2,13,Consumer,6/9/2011,First Class,1.92,New York,Art,24,3,North America - US - East,June,2,2011,Low Sales,North America - US|United States|North America - US - East|New York|Rochester
Office Supplies,Long Beach,United States,RD-194804,Rick Duston,North America - US,6/8/2011,CA-2011-108147,Medium,OFF-ST-10003470,"Tennsco Snap-Together Open Shelving Units, Starter Sets and Add-On Units",83.844,6,1677,Consumer,6/13/2011,Standard Class,85.79,New York,Storage,24,5,North America - US - East,June,2,2011,High Sales,North America - US|United States|North America - US - East|New York|Long Beach
Office Supplies,Hempstead,United States,CK-122054,Chloris Kastensmidt,North America - US,6/16/2011,CA-2011-113929,Medium,OFF-AR-10003772,Boston 16750 Black Compact Battery Pencil Sharpener,10.5,4,35,Consumer,6/21/2011,Standard Class,1.72,New York,Art,25,5,North America - US - East,June,2,2011,Low Sales,North America - US|United States|North America - US - East|New York|Hempstead
Office Supplies,Hempstead,United States,CK-122054,Chloris Kastensmidt,North America - US,6/16/2011,CA-2011-113929,Medium,OFF-EN-10003286,Staples,19.458,5,41,Consumer,6/21/2011,Standard Class,3.88,New York,Envelopes,25,5,North America - US - East,June,2,2011,Low Sales,North America - US|United States|North America - US - East|New York|Hempstead
Office Supplies,Watertown,United States,JM-161954,Justin MacKendrick,North America - US,9/2/2011,CA-2011-157721,High,OFF-AP-10001303,"Holmes Cool Mist Humidifier for the Whole House with 8-Gallon Output per Day, Extended Life Filter",8.955,1,20,Consumer,9/5/2011,First Class,3.34,New York,Appliances,36,3,North America - US - East,September,3,2011,Low Sales,North America - US|United States|North America - US - East|New York|Watertown
Office Supplies,Rochester,United States,AJ-109604,Astrea Jones,North America - US,9/14/2011,CA-2011-113362,Medium,OFF-EN-10003845,Colored Envelopes,5.0922,3,11,Consumer,9/19/2011,Standard Class,0.55,New York,Envelopes,38,5,North America - US - East,September,3,2011,Low Sales,North America - US|United States|North America - US - East|New York|Rochester
Office Supplies,Rochester,United States,AJ-109604,Astrea Jones,North America - US,9/14/2011,CA-2011-113362,Medium,OFF-ST-10001809,Fellowes Officeware Wire Shelving,8.983,5,449,Consumer,9/19/2011,Standard Class,19.03,New York,Storage,38,5,North America - US - East,September,3,2011,Medium Sales,North America - US|United States|North America - US - East|New York|Rochester
Office Supplies,Long Beach,United States,DL-129254,Daniel Lacy,North America - US,11/1/2011,US-2011-137155,Medium,OFF-AP-10002518,Kensington 7 Outlet MasterPiece Power Center,154.8426,3,534,Consumer,11/5/2011,Standard Class,29.73,New York,Appliances,45,4,North America - US - East,November,4,2011,High Sales,North America - US|United States|North America - US - East|New York|Long Beach
Office Supplies,Long Beach,United States,DL-129254,Daniel Lacy,North America - US,11/1/2011,US-2011-137155,Medium,OFF-PA-10000806,Xerox 1934,82.2906,3,168,Consumer,11/5/2011,Standard Class,2.83,New York,Paper,45,4,North America - US - East,November,4,2011,Medium Sales,North America - US|United States|North America - US - East|New York|Long Beach
Office Supplies,Utica,United States,LS-172454,Lynn Smith,North America - US,11/26/2011,CA-2011-124730,High,OFF-LA-10001158,"Avery Address/Shipping Labels for Typewriters, 4"" x 2""",44.712,9,93,Consumer,11/26/2011,Same Day,15.58,New York,Labels,48,0,North America - US - East,November,4,2011,Low Sales,North America - US|United States|North America - US - East|New York|Utica
Office Supplies,Utica,United States,LS-172454,Lynn Smith,North America - US,11/26/2011,CA-2011-124730,High,OFF-LA-10001613,Avery File Folder Labels,5.6448,4,12,Consumer,11/26/2011,Same Day,2.75,New York,Labels,48,0,North America - US - East,November,4,2011,Low Sales,North America - US|United States|North America - US - East|New York|Utica
Office Supplies,Mount Vernon,United States,JL-155054,Jeremy Lonsdale,North America - US,11/30/2011,CA-2011-103590,High,OFF-EN-10004007,Park Ridge Embossed Executive Business Envelopes,29.2716,4,62,Consumer,12/4/2011,Standard Class,4.74,New York,Envelopes,49,4,North America - US - East,November,4,2011,Low Sales,North America - US|United States|North America - US - East|New York|Mount Vernon
Office Supplies,Long Beach,United States,DV-134654,Dianna Vittorini,North America - US,5/17/2012,CA-2012-100251,Medium,OFF-LA-10003766,Self-Adhesive Removable Labels,15.12,10,32,Consumer,5/23/2012,Standard Class,2.37,New York,Labels,20,6,North America - US - East,May,2,2012,Low Sales,North America - US|United States|North America - US - East|New York|Long Beach
Office Supplies,Long Beach,United States,DV-134654,Dianna Vittorini,North America - US,5/17/2012,CA-2012-100251,Medium,OFF-SU-10000898,"Acme Hot Forged Carbon Steel Scissors with Nickel-Plated Handles, 3 7/8"" Cut, 8""L",16.124,4,56,Consumer,5/23/2012,Standard Class,3.42,New York,Supplies,20,6,North America - US - East,May,2,2012,Low Sales,North America - US|United States|North America - US - East|New York|Long Beach
Office Supplies,Freeport,United States,KB-163154,Karl Braun,North America - US,5/28/2012,CA-2012-131758,Medium,OFF-AR-10000411,Boston 16701 Slimline Battery Pencil Sharpener,14.346,3,48,Consumer,6/1/2012,Standard Class,5.48,New York,Art,22,4,North America - US - East,May,2,2012,Low Sales,North America - US|United States|North America - US - East|New York|Freeport
Office Supplies,Freeport,United States,KB-163154,Karl Braun,North America - US,5/28/2012,CA-2012-131758,Medium,OFF-LA-10000262,Avery 494,6.003,5,13,Consumer,6/1/2012,Standard Class,0.97,New York,Labels,22,4,North America - US - East,May,2,2012,Low Sales,North America - US|United States|North America - US - East|New York|Freeport
Office Supplies,Rochester,United States,MS-177704,Maxwell Schwartz,North America - US,5/28/2012,CA-2012-135020,Medium,OFF-PA-10004255,Xerox 219,21.7728,7,45,Consumer,6/2/2012,Standard Class,5.65,New York,Paper,22,5,North America - US - East,May,2,2012,Low Sales,North America - US|United States|North America - US - East|New York|Rochester
Office Supplies,Rochester,United States,MS-177704,Maxwell Schwartz,North America - US,5/28/2012,CA-2012-135020,Medium,OFF-ST-10001490,"Hot File 7-Pocket, Floor Stand",160.623,3,535,Consumer,6/2/2012,Standard Class,17.52,New York,Storage,22,5,North America - US - East,May,2,2012,High Sales,North America - US|United States|North America - US - East|New York|Rochester
Office Supplies,Auburn,United States,TM-210104,Tamara Manning,North America - US,9/12/2012,CA-2012-102015,Medium,OFF-AR-10004685,"Binney & Smith Crayola Metallic Colored Pencils, 8-Color Set",3.0558,2,9,Consumer,9/18/2012,Standard Class,0.14,New York,Art,37,6,North America - US - East,September,3,2012,Low Sales,North America - US|United States|North America - US - East|New York|Auburn
Office Supplies,Auburn,United States,TM-210104,Tamara Manning,North America - US,9/12/2012,CA-2012-102015,Medium,OFF-EN-10002504,"Tyvek  Top-Opening Peel & Seel Envelopes, Plain White",12.7746,1,27,Consumer,9/18/2012,Standard Class,1.91,New York,Envelopes,37,6,North America - US - East,September,3,2012,Low Sales,North America - US|United States|North America - US - East|New York|Auburn
Office Supplies,Auburn,United States,TM-210104,Tamara Manning,North America - US,9/12/2012,CA-2012-102015,Medium,OFF-FA-10000490,"OIC Binder Clips, Mini, 1/4"" Capacity, Black",0.5828,1,1,Consumer,9/18/2012,Standard Class,0.11,New York,Fasteners,37,6,North America - US - East,September,3,2012,Low Sales,North America - US|United States|North America - US - East|New York|Auburn
Office Supplies,Auburn,United States,TM-210104,Tamara Manning,North America - US,9/12/2012,CA-2012-102015,Medium,OFF-LA-10002043,Avery 489,9.936,2,21,Consumer,9/18/2012,Standard Class,0.52,New York,Labels,37,6,North America - US - East,September,3,2012,Low Sales,North America - US|United States|North America - US - East|New York|Auburn
Office Supplies,Auburn,United States,TM-210104,Tamara Manning,North America - US,9/12/2012,CA-2012-102015,Medium,OFF-PA-10002464,HP Office Recycled Paper (20Lb. and 87 Bright),14.161,5,29,Consumer,9/18/2012,Standard Class,2.81,New York,Paper,37,6,North America - US - East,September,3,2012,Low Sales,North America - US|United States|North America - US - East|New York|Auburn
Office Supplies,Auburn,United States,TM-210104,Tamara Manning,North America - US,9/12/2012,CA-2012-102015,Medium,OFF-ST-10001713,"Gould Plastics 9-Pocket Panel Bin, 18-3/8w x 5-1/4d x 20-1/2h, Black",4.2392,2,106,Consumer,9/18/2012,Standard Class,7.93,New York,Storage,37,6,North America - US - East,September,3,2012,Medium Sales,North America - US|United States|North America - US - East|New York|Auburn
Office Supplies,Freeport,United States,CS-119504,Carlos Soltero,North America - US,9/25/2012,CA-2012-151869,High,OFF-PA-10002947,Xerox 1923,9.6192,3,20,Consumer,9/25/2012,Same Day,2.25,New York,Paper,39,0,North America - US - East,September,3,2012,Low Sales,North America - US|United States|North America - US - East|New York|Freeport
Office Supplies,Oceanside,United States,GM-145004,Gene McClure,North America - US,9/26/2012,CA-2012-127173,Medium,OFF-FA-10004854,"Vinyl Coated Wire Paper Clips in Organizer Box, 800/Box",16.1868,3,34,Consumer,10/3/2012,Standard Class,2.6,New York,Fasteners,39,7,North America - US - East,September,3,2012,Low Sales,North America - US|United States|North America - US - East|New York|Oceanside
Office Supplies,Buffalo,United States,KT-164804,Kean Thornton,North America - US,10/31/2012,CA-2012-132570,High,OFF-AR-10000369,Design Ebony Sketching Pencil,0.7228,2,3,Consumer,11/2/2012,Second Class,0.34,New York,Art,44,2,North America - US - East,October,4,2012,Low Sales,North America - US|United States|North America - US - East|New York|Buffalo
Office Supplies,Buffalo,United States,KT-164804,Kean Thornton,North America - US,10/31/2012,CA-2012-132570,High,OFF-EN-10003055,"Blue String-Tie & Button Interoffice Envelopes, 10 x 13",35.982,2,80,Consumer,11/2/2012,Second Class,10.2,New York,Envelopes,44,2,North America - US - East,October,4,2012,Low Sales,North America - US|United States|North America - US - East|New York|Buffalo
Office Supplies,Oceanside,United States,DV-134654,Dianna Vittorini,North America - US,11/9/2012,CA-2012-146486,High,OFF-EN-10001509,Poly String Tie Envelopes,5.7528,6,12,Consumer,11/14/2012,Second Class,2.7,New York,Envelopes,45,5,North America - US - East,November,4,2012,Low Sales,North America - US|United States|North America - US - East|New York|Oceanside
Office Supplies,Oceanside,United States,DV-134654,Dianna Vittorini,North America - US,11/9/2012,CA-2012-146486,High,OFF-ST-10002554,Tennsco Industrial Shelving,4.891,5,245,Consumer,11/14/2012,Second Class,24.12,New York,Storage,45,5,North America - US - East,November,4,2012,Medium Sales,North America - US|United States|North America - US - East|New York|Oceanside
Office Supplies,Yonkers,United States,KD-162704,Karen Daniels,North America - US,3/2/2013,US-2013-143819,Medium,OFF-PA-10003127,Staples,12.1348,1,26,Consumer,3/6/2013,Standard Class,1.2,New York,Paper,9,4,North America - US - East,March,1,2013,Low Sales,North America - US|United States|North America - US - East|New York|Yonkers
Office Supplies,Yonkers,United States,KD-162704,Karen Daniels,North America - US,3/2/2013,US-2013-143819,Medium,OFF-ST-10003208,Adjustable Depth Letter/Legal Cart,105.2468,2,363,Consumer,3/6/2013,Standard Class,35.79,New York,Storage,9,4,North America - US - East,March,1,2013,Medium Sales,North America - US|United States|North America - US - East|New York|Yonkers
Office Supplies,Auburn,United States,RB-193604,Raymond Buch,North America - US,4/2/2013,CA-2013-166674,Critical,OFF-AR-10003156,50 Colored Long Pencils,7.9248,3,30,Consumer,4/4/2013,Second Class,3.45,New York,Art,14,2,North America - US - East,April,2,2013,Low Sales,North America - US|United States|North America - US - East|New York|Auburn
Office Supplies,Auburn,United States,RB-193604,Raymond Buch,North America - US,4/2/2013,CA-2013-166674,Critical,OFF-AR-10001953,Boston 1645 Deluxe Heavier-Duty Electric Pencil Sharpener,71.2476,6,264,Consumer,4/4/2013,Second Class,67.52,New York,Art,14,2,North America - US - East,April,2,2013,Medium Sales,North America - US|United States|North America - US - East|New York|Auburn
Office Supplies,Auburn,United States,RB-193604,Raymond Buch,North America - US,4/2/2013,CA-2013-166674,Critical,OFF-AR-10004974,Newell 342,2.8536,3,10,Consumer,4/4/2013,Second Class,1.89,New York,Art,14,2,North America - US - East,April,2,2013,Low Sales,North America - US|United States|North America - US - East|New York|Auburn
Office Supplies,Auburn,United States,RB-193604,Raymond Buch,North America - US,4/2/2013,CA-2013-166674,Critical,OFF-AR-10000588,Newell 345,15.4752,3,60,Consumer,4/4/2013,Second Class,9.85,New York,Art,14,2,North America - US - East,April,2,2013,Low Sales,North America - US|United States|North America - US - East|New York|Auburn
Office Supplies,Auburn,United States,RB-193604,Raymond Buch,North America - US,4/2/2013,CA-2013-166674,Critical,OFF-ST-10001469,Fellowes Bankers Box Recycled Super Stor/Drawer,9.7164,3,162,Consumer,4/4/2013,Second Class,60.4,New York,Storage,14,2,North America - US - East,April,2,2013,Medium Sales,North America - US|United States|North America - US - East|New York|Auburn
Office Supplies,Rome,United States,MM-179204,Michael Moore,North America - US,4/23/2013,CA-2013-101329,Medium,OFF-AR-10000614,Barrel Sharpener,8.3538,9,32,Consumer,4/30/2013,Standard Class,1.4,New York,Art,17,7,North America - US - East,April,2,2013,Low Sales,North America - US|United States|North America - US - East|New York|Rome
Office Supplies,Rome,United States,MM-179204,Michael Moore,North America - US,4/23/2013,CA-2013-101329,Medium,OFF-AR-10003190,Newell 32,0.8064,1,3,Consumer,4/30/2013,Standard Class,0.22,New York,Art,17,7,North America - US - East,April,2,2013,Low Sales,North America - US|United States|North America - US - East|New York|Rome
Office Supplies,Long Beach,United States,CB-124154,Christy Brittain,North America - US,6/13/2013,CA-2013-139941,Medium,OFF-AP-10004036,Bionaire 99.97% HEPA Air Cleaner,18.396,3,53,Consumer,6/18/2013,Standard Class,3.31,New York,Appliances,24,5,North America - US - East,June,2,2013,Low Sales,North America - US|United States|North America - US - East|New York|Long Beach
Office Supplies,Long Beach,United States,CB-124154,Christy Brittain,North America - US,6/13/2013,CA-2013-139941,Medium,OFF-PA-10000241,"IBM Multi-Purpose Copy Paper, 8 1/2 x 11"", Case",41.823,3,93,Consumer,6/18/2013,Standard Class,5.36,New York,Paper,24,5,North America - US - East,June,2,2013,Low Sales,North America - US|United States|North America - US - East|New York|Long Beach
Office Supplies,Troy,United States,TB-210554,Ted Butterfield,North America - US,6/18/2013,CA-2013-111682,Critical,OFF-AR-10001868,Prang Dustless Chalk Sticks,0.84,1,2,Consumer,6/19/2013,First Class,0.43,New York,Art,25,1,North America - US - East,June,2,2013,Low Sales,North America - US|United States|North America - US - East|New York|Troy
